injury_id,player_name,club,position,age,season,fifa_rating,injury_type,injury_start,injury_end,before_1_result,before_1_opposition,before_1_gd,before_1_rating,before_2_result,before_2_opposition,before_2_gd,before_2_rating,before_3_result,before_3_opposition,before_3_gd,before_3_rating,during_1_result,during_1_opposition,during_1_gd,during_2_result,during_2_opposition,during_2_gd,during_3_result,during_3_opposition,during_3_gd,after_1_result,after_1_opposition,after_1_gd,after_1_rating,after_2_result,after_2_opposition,after_2_gd,after_2_rating,after_3_result,after_3_opposition,after_3_gd,after_3_rating,injury_days,injury_year,injury_month,injury_month_name,age_group,injury_category,severity,star_player,avg_gd_before,ppg_before,matches_before,avg_gd_during,ppg_during,matches_during,avg_gd_after,ppg_after,matches_after,avg_rating_before,avg_rating_after,rating_change,performance_drop_index,ppg_drop,during_wins,during_draws,during_losss,comeback_status
0,Jamaal Lascelles,Newcastle,Center Back,26,2019/20,77,Knee Injury,2019-11-09,2020-01-13,Draw,Wolves,0.0,7.4,Win,West Ham,1.0,6.1,Win,Bournemouth,1.0,5.8,Loss,Aston Villa,-2.0,Draw,Man City,0.0,Win,Sheffield,2.0,Win,Chelsea,1.0,7.1,Draw,Everton,0.0,6.2,Draw,Norwich City,0.0,6.7,65,2019,11,Nov,26-29,Knee,Major (46-90d),Squad player,0.6666666666666666,2.3333333333333335,3,0.0,1.3333333333333333,3,0.3333333333333333,1.6666666666666667,3,6.433333333333334,6.666666666666667,0.2333333333333334,0.6666666666666666,1.0000000000000002,1,1,1,Improved
1,Fabian Schär,Newcastle,Center Back,28,2019/20,79,Knee Injury,2019-10-20,2019-11-24,Loss,Leicester,-5.0,5.8,Win,Man United,1.0,7.5,Loss,Chelsea,-1.0,6.1,Draw,Wolves,0.0,Win,West Ham,1.0,Win,Bournemouth,1.0,,,,,,,,,,,,,35,2019,10,Oct,26-29,Knee,Moderate (15-45d),Squad player,-1.6666666666666667,1.0,3,0.6666666666666666,2.3333333333333335,3,,,0,6.466666666666666,,,-2.3333333333333335,-1.3333333333333335,2,1,0,
2,Fabian Schär,Newcastle,Center Back,28,2019/20,79,Hamstring Strain,2020-01-02,2020-01-17,Loss,Man United,-3.0,4.9,Loss,Everton,-1.0,7.7,Loss,Leicester,-3.0,5.6,Draw,Wolves,0.0,,,,,,,Draw,Everton,0.0,,Loss,Arsenal,-4.0,,Loss,Crystal Palace,-1.0,6.5,15,2020,1,Jan,26-29,Hamstring,Moderate (15-45d),Squad player,-2.3333333333333335,0.0,3,0.0,1.0,1,-1.6666666666666667,0.3333333333333333,3,6.066666666666667,6.5,0.4333333333333327,-2.3333333333333335,-1.0,0,1,0,Improved
3,Fabian Schär,Newcastle,Center Back,28,2019/20,79,Shoulder Injury,2020-07-16,2020-09-28,Loss,Man City,-5.0,5.2,Loss,Watford,-1.0,6.3,Loss,Tottenham,-2.0,6.3,Draw,Brighton,0.0,Loss,Liverpool,-2.0,,,,,,,,,,,,,,,,74,2020,7,Jul,26-29,Shoulder / Arm,Major (46-90d),Squad player,-2.6666666666666665,0.0,3,-1.0,0.5,2,,,0,5.933333333333334,,,-1.6666666666666665,-0.5,0,1,1,
4,Paul Dummett,Newcastle,Center Back,28,2019/20,75,Groin Injury,2019-12-22,2020-01-10,Win,Southampton,2.0,5.8,Loss,Burnley,-1.0,6.0,Win,Crystal Palace,1.0,6.2,Loss,Man United,-3.0,Loss,Everton,-1.0,Loss,Leicester,-3.0,,,,,,,,,,,,,19,2019,12,Dec,26-29,Groin / Hip,Moderate (15-45d),Squad player,0.6666666666666666,2.0,3,-2.3333333333333335,0.0,3,,,0,6.0,,,3.0,2.0,0,0,3,
5,Ciaran Clark,Newcastle,Center Back,30,2019/20,75,Calf Injury,2019-12-09,2020-01-10,Draw,Man City,0.0,6.0,Win,Sheffield,2.0,6.4,Win,Southampton,1.0,6.4,Loss,Burnley,-1.0,Win,Crystal Palace,1.0,Loss,Man United,-3.0,Draw,Wolves,0.0,6.5,Win,Chelsea,1.0,6.9,Draw,Everton,0.0,6.3,32,2019,12,Dec,30-33,Calf / Achilles,Moderate (15-45d),Squad player,1.0,2.3333333333333335,3,-1.0,1.0,3,0.3333333333333333,1.6666666666666667,3,6.266666666666667,6.566666666666666,0.2999999999999998,2.0,1.3333333333333335,1,0,2,Improved
6,Ciaran Clark,Newcastle,Center Back,30,2019/20,75,Ankle Injury,2020-02-16,2020-09-14,Draw,Everton,0.0,6.3,Draw,Norwich City,0.0,7.0,Loss,Arsenal,-4.0,5.6,Loss,Crystal Palace,-1.0,Draw,Burnley,0.0,Win,Southampton,1.0,,,,,,,,,,,,,211,2020,2,Feb,30-33,Ankle,Severe (>90d),Squad player,-1.3333333333333333,0.6666666666666666,3,0.0,1.3333333333333333,3,,,0,6.3,,,-1.3333333333333333,-0.6666666666666666,1,1,1,
7,Jetro Willems,Newcastle,Left Back,26,2019/20,77,Knee Injury,2019-09-22,2019-10-05,Draw,Watford,0.0,6.7,Loss,Liverpool,-2.0,6.5,Draw,Brighton,0.0,6.3,Loss,Leicester,-5.0,,,,,,,Win,Man United,1.0,7.7,Loss,Chelsea,-1.0,6.2,Draw,Wolves,0.0,6.5,13,2019,9,Sep,26-29,Knee,Minor (<=14d),Squad player,-0.6666666666666666,0.6666666666666666,3,-5.0,0.0,1,0.0,1.3333333333333333,3,6.5,6.8,0.2999999999999998,4.333333333333333,0.6666666666666666,0,0,1,Improved
8,Jetro Willems,Newcastle,Left Back,26,2019/20,77,Knee Injury,2019-12-15,2019-12-25,Win,Sheffield,2.0,6.0,Win,Southampton,-1.0,5.8,Loss,Burnley,-1.0,6.2,Win,Crystal Palace,1.0,,,,,,,Loss,Man United,-3.0,6.0,Loss,Everton,-1.0,6.8,Loss,Leicester,-3.0,5.8,10,2019,12,Dec,26-29,Knee,Minor (<=14d),Squad player,0.0,2.0,3,1.0,3.0,1,-2.3333333333333335,0.0,3,6.0,6.2,0.20000000000000018,-1.0,-1.0,1,0,0,Improved
9,Jetro Willems,Newcastle,Left Back,26,2019/20,77,Cruciate Ligament Tear,2020-01-18,2020-09-20,Loss,Leicester,-3.0,5.8,Draw,Wolves,0.0,6.3,Win,Chelsea,1.0,6.1,Draw,Everton,0.0,Draw,Norwich City,0.0,Loss,Arsenal,-4.0,,,,,,,,,,,,,246,2020,1,Jan,26-29,Knee,Severe (>90d),Squad player,-0.6666666666666666,1.3333333333333333,3,-1.3333333333333333,0.6666666666666666,3,,,0,6.066666666666666,,,0.6666666666666666,0.6666666666666666,0,2,1,
10,Deandre Yedlin,Newcastle,Right Back,26,2019/20,74,Groin Problems,2019-04-28,2019-09-28,,,,,,,,,,,,,Draw,Watford,0.0,Loss,Liverpool,-2.0,Draw,Brighton,0.0,Loss,Leicester,-5.0,5.9,Win,Man United,1.0,6.7,Loss,Chelsea,-1.0,6.2,153,2019,4,Apr,26-29,Groin / Hip,Severe (>90d),Squad player,,,0,-0.6666666666666666,0.6666666666666666,3,-1.6666666666666667,1.0,3,,6.266666666666667,,,,0,2,1,
11,Deandre Yedlin,Newcastle,Right Back,26,2019/20,74,Hip Injury,2019-11-27,2019-12-10,Win,West Ham,1.0,5.6,Win,Bournemouth,1.0,7.3,Loss,Aston Villa,-2.0,5.6,Draw,Man City,0.0,Win,Sheffield,2.0,Win,Southampton,1.0,,,,,Loss,Man United,-3.0,5.7,Loss,Everton,-1.0,5.9,13,2019,11,Nov,26-29,Groin / Hip,Minor (<=14d),Squad player,0.0,2.0,3,1.0,2.3333333333333335,3,-2.0,0.0,2,6.166666666666667,5.800000000000001,-0.36666666666666625,-1.0,-0.3333333333333335,2,1,0,Declined
12,Deandre Yedlin,Newcastle,Right Back,26,2019/20,74,Hand Injury,2020-01-05,2020-01-23,Loss,Man United,-3.0,5.9,Loss,Everton,-1.0,5.7,Loss,Leicester,-3.0,5.7,Draw,Wolves,0.0,Win,Chelsea,1.0,Draw,Everton,0.0,,,,,,,,,,,,,18,2020,1,Jan,26-29,Shoulder / Arm,Moderate (15-45d),Squad player,-2.3333333333333335,0.0,3,0.3333333333333333,1.6666666666666667,3,,,0,5.766666666666667,,,-2.666666666666667,-1.6666666666666667,1,2,0,
13,Emil Krafth,Newcastle,Right Back,25,2019/20,75,Ankle Injury,2020-01-21,2020-06-20,Win,Chelsea,1.0,6.6,Draw,Everton,0.0,5.7,,,,,Draw,Norwich City,0.0,Loss,Arsenal,-4.0,Loss,Crystal Palace,-1.0,Win,Bournemouth,3.0,6.2,Draw,West Ham,0.0,6.3,,,,,151,2020,1,Jan,22-25,Ankle,Severe (>90d),Squad player,0.5,2.0,2,-1.6666666666666667,0.3333333333333333,3,1.5,2.0,2,6.15,6.25,0.09999999999999964,2.166666666666667,1.6666666666666667,0,1,2,Stable
14,Emil Krafth,Newcastle,Right Back,25,2019/20,75,Ankle Injury,2020-07-21,2020-09-11,Loss,Watford,-1.0,,Loss,Tottenham,-2.0,6.1,Draw,Brighton,0.0,6.6,Loss,Liverpool,-2.0,,,,,,,,,,,,,,,,,,,52,2020,7,Jul,22-25,Ankle,Major (46-90d),Squad player,-1.0,0.3333333333333333,3,-2.0,0.0,1,,,0,6.35,,,1.0,0.3333333333333333,0,0,1,
15,Javier Manquillo,Newcastle,Right Back,26,2019/20,75,Hamstring Strain,2020-01-02,2020-02-28,Loss,Man United,-3.0,6.1,Loss,Leicester,-3.0,5.2,,,,,Draw,Wolves,0.0,Win,Chelsea,1.0,Draw,Everton,0.0,Draw,Burnley,0.0,6.1,Win,Southampton,1.0,6.4,Win,Sheffield,3.0,6.8,57,2020,1,Jan,26-29,Hamstring,Major (46-90d),Squad player,-3.0,0.0,2,0.3333333333333333,1.6666666666666667,3,1.3333333333333333,2.3333333333333335,3,5.65,6.433333333333334,0.7833333333333332,-3.3333333333333335,-1.6666666666666667,1,2,0,Improved
16,Isaac Hayden,Newcastle,Defensive Midfielder,25,2019/20,78,Hamstring Strain,2020-07-05,2020-07-25,Draw,Aston Villa,0.0,6.3,Win,Bournemouth,3.0,6.1,Draw,West Ham,0.0,5.9,Loss,Man City,-5.0,Loss,Watford,-1.0,Loss,Tottenham,-2.0,,,,,,,,,,,,,20,2020,7,Jul,22-25,Hamstring,Moderate (15-45d),Squad player,1.0,1.6666666666666667,3,-2.6666666666666665,0.0,3,,,0,6.099999999999999,,,3.6666666666666665,1.6666666666666667,0,0,3,
17,Sean Longstaff,Newcastle,Central Midfielder,22,2019/20,74,Ankle Injury,2019-09-01,2019-09-28,Loss,Norwich City,-2.0,6.5,Win,Tottenham,1.0,6.0,Draw,Watford,0.0,7.1,Draw,Brighton,0.0,,,,,,,Loss,Leicester,-5.0,5.9,Win,Man United,1.0,7.3,Loss,Chelsea,-1.0,6.2,27,2019,9,Sep,22-25,Ankle,Moderate (15-45d),Squad player,-0.3333333333333333,1.3333333333333333,3,0.0,1.0,1,-1.6666666666666667,1.0,3,6.533333333333334,6.466666666666666,-0.0666666666666682,-0.3333333333333333,0.33333333333333326,0,1,0,Stable
18,Sean Longstaff,Newcastle,Central Midfielder,22,2019/20,74,Hamstring Injury,2020-07-01,2020-07-25,Win,Southampton,1.0,,Win,Bournemouth,3.0,7.0,,,,,Draw,West Ham,0.0,Loss,Man City,-5.0,Loss,Watford,-1.0,,,,,,,,,,,,,24,2020,7,Jul,22-25,Hamstring,Moderate (15-45d),Squad player,2.0,3.0,2,-2.0,0.3333333333333333,3,,,0,7.0,,,4.0,2.6666666666666665,0,1,2,
19,Jonjo Shelvey,Newcastle,Central Midfielder,28,2019/20,79,Hamstring Injury,2019-09-22,2019-10-05,Loss,Liverpool,-2.0,5.9,Draw,Brighton,0.0,6.6,,,,,Loss,Leicester,-5.0,,,,,,,Draw,Wolves,0.0,7.3,Win,West Ham,1.0,8.0,,,,,13,2019,9,Sep,26-29,Hamstring,Minor (<=14d),Squad player,-1.0,0.5,2,-5.0,0.0,1,0.5,2.0,2,6.25,7.65,1.4000000000000004,4.0,0.5,0,0,1,Improved
20,Jonjo Shelvey,Newcastle,Central Midfielder,28,2019/20,79,Calf Injury,2019-12-09,2019-12-20,Draw,Man City,0.0,7.5,Win,Sheffield,2.0,7.6,Win,Southampton,1.0,7.4,Loss,Burnley,-1.0,,,,,,,Win,Crystal Palace,1.0,6.6,Loss,Everton,-1.0,6.0,Loss,Leicester,-3.0,6.0,11,2019,12,Dec,26-29,Calf / Achilles,Minor (<=14d),Squad player,1.0,2.3333333333333335,3,-1.0,0.0,1,-1.0,1.0,3,7.5,6.2,-1.2999999999999998,2.0,2.3333333333333335,0,0,1,Declined
21,Jonjo Shelvey,Newcastle,Central Midfielder,28,2019/20,79,Hamstring Strain,2020-01-18,2020-02-28,Loss,Leicester,-3.0,6.0,Win,Chelsea,1.0,6.9,,,,,Draw,Norwich City,0.0,Loss,Arsenal,-4.0,Loss,Crystal Palace,-1.0,Draw,Burnley,0.0,6.4,Win,Southampton,1.0,7.6,Win,Sheffield,3.0,6.3,41,2020,1,Jan,26-29,Hamstring,Moderate (15-45d),Squad player,-1.0,1.5,2,-1.6666666666666667,0.3333333333333333,3,1.3333333333333333,2.3333333333333335,3,6.45,6.766666666666667,0.31666666666666643,0.6666666666666667,1.1666666666666667,0,1,2,Improved
22,Matt Ritchie,Newcastle,Right Midfielder,30,2019/20,76,Ankle Injury,2019-08-28,2020-01-03,Loss,Arsenal,1.0,6.0,Loss,Norwich City,-2.0,7.0,Win,Tottenham,1.0,6.9,Draw,Watford,0.0,Loss,Liverpool,-2.0,Draw,Brighton,0.0,Win,Chelsea,1.0,6.4,Draw,Everton,0.0,6.0,Draw,Norwich City,0.0,7.4,128,2019,8,Aug,30-33,Ankle,Severe (>90d),Squad player,0.0,1.0,3,-0.6666666666666666,0.6666666666666666,3,0.3333333333333333,1.6666666666666667,3,6.633333333333333,6.6000000000000005,-0.03333333333333233,0.6666666666666666,0.33333333333333337,0,2,1,Stable
23,Allan Saint-Maximin,Newcastle,Left Winger,23,2019/20,79,Hamstring Strain,2019-09-22,2019-09-28,Loss,Arsenal,-1.0,6.5,,,,,,,,,Loss,Norwich City,-2.0,Draw,Watford,0.0,Loss,Liverpool,-2.0,Draw,Brighton,0.0,6.6,Win,Man United,1.0,5.8,Loss,Chelsea,-1.0,5.9,6,2019,9,Sep,22-25,Hamstring,Minor (<=14d),Squad player,-1.0,0.0,1,-1.3333333333333333,0.3333333333333333,3,0.0,1.3333333333333333,3,6.5,6.099999999999999,-0.40000000000000124,0.33333333333333326,-0.3333333333333333,0,1,2,Declined
24,Miguel Almirón,Newcastle,Right Winger,26,2019/20,76,Hamstring Injury,2019-12-09,2019-12-20,Draw,Man City,0.0,6.8,Win,Sheffield,2.0,6.1,Win,Southampton,1.0,6.2,Loss,Burnley,-1.0,,,,,,,Win,Crystal Palace,1.0,8.6,Loss,Man United,-3.0,5.9,Loss,Everton,-1.0,5.7,11,2019,12,Dec,26-29,Hamstring,Minor (<=14d),Squad player,1.0,2.3333333333333335,3,-1.0,0.0,1,-1.0,1.0,3,6.366666666666666,6.733333333333333,0.36666666666666714,2.0,2.3333333333333335,0,0,1,Improved
25,Dwight Gayle,Newcastle,Center Forward,30,2019/20,75,Calf Injury,2019-08-08,2019-10-05,,,,,,,,,,,,,Loss,Arsenal,-1.0,Loss,Norwich City,-2.0,Win,Tottenham,1.0,,,,,,,,,,,,,58,2019,8,Aug,30-33,Calf / Achilles,Major (46-90d),Squad player,,,0,-0.6666666666666666,1.0,3,,,0,,,,,,1,0,2,
26,Dwight Gayle,Newcastle,Center Forward,30,2019/20,75,Hamstring Strain,2020-01-02,2020-01-10,Loss,Man United,-3.0,5.8,Loss,Everton,-1.0,5.7,Draw,Wolves,0.0,6.3,Win,Chelsea,1.0,Draw,Everton,0.0,Draw,Norwich City,0.0,Loss,Crystal Palace,-1.0,5.5,Draw,Burnley,0.0,5.6,Win,Southampton,1.0,5.9,8,2020,1,Jan,30-33,Hamstring,Minor (<=14d),Squad player,-1.3333333333333333,0.3333333333333333,3,0.3333333333333333,1.6666666666666667,3,0.0,1.3333333333333333,3,5.933333333333334,5.666666666666667,-0.2666666666666666,-1.6666666666666665,-1.3333333333333335,1,2,0,Declined
27,Andy Carroll,Newcastle,Center Forward,31,2019/20,74,Groin Injury,2019-10-20,2019-11-01,Loss,Leicester,-5.0,6.0,Win,Man United,1.0,5.7,Loss,Chelsea,-1.0,5.7,Draw,Wolves,0.0,,,,,,,,,,,,,,,Loss,Aston Villa,-2.0,6.3,12,2019,10,Oct,30-33,Groin / Hip,Minor (<=14d),Squad player,-1.6666666666666667,1.0,3,0.0,1.0,1,-2.0,0.0,1,5.8,6.3,0.5,-1.6666666666666667,0.0,0,1,0,Improved
28,Andy Carroll,Newcastle,Center Forward,31,2019/20,74,Bruised Ribs,2019-11-26,2019-12-03,,,,,,,,,Loss,Aston Villa,-2.0,6.3,Draw,Man City,0.0,,,,,,,Win,Sheffield,2.0,6.8,Win,Southampton,1.0,6.7,Loss,Burnley,-1.0,5.8,7,2019,11,Nov,30-33,Other,Minor (<=14d),Squad player,-2.0,0.0,1,0.0,1.0,1,0.6666666666666666,2.0,3,6.3,6.433333333333334,0.13333333333333375,-2.0,-1.0,0,1,0,Stable
29,Andy Carroll,Newcastle,Center Forward,31,2019/20,74,Knock,2020-01-15,2020-06-15,,,,,,,,,Draw,Wolves,0.0,,Win,Chelsea,1.0,Draw,Everton,0.0,Draw,Norwich City,0.0,Win,Sheffield,3.0,,Draw,Aston Villa,0.0,6.4,Win,Bournemouth,3.0,6.4,152,2020,1,Jan,30-33,Other,Severe (>90d),Squad player,0.0,1.0,1,0.3333333333333333,1.6666666666666667,3,2.0,2.3333333333333335,3,,6.4,,-0.3333333333333333,-0.6666666666666667,1,2,0,
30,Andy Carroll,Newcastle,Center Forward,31,2019/20,74,Muscle Injury,2020-07-06,2020-07-17,Draw,Aston Villa,0.0,6.4,Win,Bournemouth,3.0,6.4,,,,,Loss,Man City,-5.0,Loss,Watford,-1.0,Loss,Tottenham,-2.0,Draw,Brighton,0.0,5.7,Loss,Liverpool,-2.0,5.1,,,,,11,2020,7,Jul,30-33,Thigh / Muscle,Minor (<=14d),Squad player,1.5,2.0,2,-2.6666666666666665,0.0,3,-1.0,0.5,2,6.4,5.4,-1.0,4.166666666666666,2.0,0,0,3,Declined
31,Jamaal Lascelles,Newcastle,Center Back,27,2020/21,77,Hip Injury,2020-09-28,2020-10-16,Win,West Ham,2.0,6.6,Loss,Brighton,-3.0,5.6,Draw,Tottenham,0.0,6.3,Win,Burnley,2.0,,,,,,,Loss,Man United,3.0,5.3,Draw,Wolves,0.0,6.4,Win,Everton,1.0,6.4,18,2020,9,Sep,26-29,Groin / Hip,Moderate (15-45d),Squad player,-0.3333333333333333,1.3333333333333333,3,2.0,3.0,1,1.3333333333333333,1.3333333333333333,3,6.166666666666667,6.033333333333334,-0.13333333333333286,-2.3333333333333335,-1.6666666666666667,1,0,0,Stable
32,Jamaal Lascelles,Newcastle,Center Back,27,2020/21,77,Muscle Fatigue,2020-11-22,2021-01-17,Win,Everton,1.0,6.4,Loss,Southampton,-2.0,6.1,Loss,Chelsea,-2.0,6.3,Win,Crystal Palace,2.0,Win,West Brom,1.0,Loss,Leeds,-3.0,Loss,Arsenal,-3.0,5.6,Loss,Aston Villa,-2.0,5.6,Loss,Leeds,-1.0,6.1,56,2020,11,Nov,26-29,Thigh / Muscle,Major (46-90d),Squad player,-1.0,1.0,3,0.0,2.0,3,-2.0,0.0,3,6.266666666666667,5.766666666666666,-0.5000000000000009,-1.0,-1.0,2,0,1,Declined
33,Jamaal Lascelles,Newcastle,Center Back,27,2020/21,77,Hamstring Strain,2021-01-31,2021-02-14,Loss,Aston Villa,-2.0,5.6,Loss,Leeds,-1.0,6.1,Win,Everton,2.0,6.2,Loss,Crystal Palace,-1.0,Win,Southampton,1.0,,,,Loss,Chelsea,-2.0,7.1,Loss,Man United,-2.0,5.3,Draw,Wolves,0.0,7.6,14,2021,1,Jan,26-29,Hamstring,Minor (<=14d),Squad player,-0.3333333333333333,1.0,3,0.0,1.5,2,-1.3333333333333333,0.3333333333333333,3,5.966666666666666,6.666666666666667,0.7000000000000011,-0.3333333333333333,-0.5,1,0,1,Improved
34,Jamaal Lascelles,Newcastle,Center Back,27,2020/21,77,Foot Injury,2021-04-04,2021-06-01,Draw,Aston Villa,0.0,7.4,Loss,Brighton,-3.0,5.8,Draw,Tottenham,-3.0,5.9,Win,Burnley,1.0,Win,West Ham,1.0,Draw,Liverpool,0.0,,,,,,,,,,,,,58,2021,4,Apr,26-29,Foot,Major (46-90d),Squad player,-2.0,0.6666666666666666,3,0.6666666666666666,2.3333333333333335,3,,,0,6.366666666666667,,,-2.6666666666666665,-1.666666666666667,2,1,0,
35,Fabian Schär,Newcastle,Center Back,29,2020/21,79,Virus,2020-11-29,2020-12-25,Loss,Southampton,-2.0,6.1,Loss,Chelsea,-2.0,5.8,,,,,Win,West Brom,1.0,Loss,Leeds,-3.0,Draw,Fulham,0.0,Loss,Man City,-2.0,6.6,Draw,Liverpool,0.0,7.6,Loss,Leicester,-1.0,6.2,26,2020,11,Nov,26-29,Illness,Moderate (15-45d),Squad player,-2.0,0.0,2,-0.6666666666666666,1.3333333333333333,3,-1.0,0.3333333333333333,3,5.949999999999999,6.8,0.8500000000000005,-1.3333333333333335,-1.3333333333333333,1,1,1,Improved
36,Fabian Schär,Newcastle,Center Back,29,2020/21,79,Knee Injury,2021-02-07,2021-04-25,Win,Everton,2.0,7.0,Loss,Crystal Palace,-1.0,6.5,Win,Southampton,1.0,5.4,Loss,Chelsea,-2.0,Loss,Man United,-2.0,Draw,Wolves,0.0,,,,,,,,,,,,,77,2021,2,Feb,26-29,Knee,Major (46-90d),Squad player,0.6666666666666666,2.0,3,-1.3333333333333333,0.3333333333333333,3,,,0,6.3,,,2.0,1.6666666666666667,0,1,2,
37,Ciaran Clark,Newcastle,Center Back,31,2020/21,76,Calf Injury,2021-01-19,2021-01-29,Loss,Leicester,-1.0,6.4,Loss,Sheffield,-1.0,6.6,Loss,Arsenal,-3.0,5.4,Loss,Aston Villa,-2.0,Loss,Leeds,-1.0,,,,Win,Everton,2.0,6.2,Loss,Crystal Palace,-1.0,6.5,,,,,10,2021,1,Jan,30-33,Calf / Achilles,Minor (<=14d),Squad player,-1.6666666666666667,0.0,3,-1.5,0.0,2,0.5,1.5,2,6.133333333333333,6.35,0.21666666666666679,-0.16666666666666674,0.0,0,0,2,Improved
38,Ciaran Clark,Newcastle,Center Back,31,2020/21,76,Knock,2021-02-04,2021-02-14,Win,Everton,2.0,6.2,Loss,Crystal Palace,-1.0,6.5,,,,,Win,Southampton,1.0,,,,,,,Loss,Chelsea,-2.0,6.1,Loss,Man United,-2.0,6.0,Draw,Wolves,0.0,6.3,10,2021,2,Feb,30-33,Other,Minor (<=14d),Squad player,0.5,1.5,2,1.0,3.0,1,-1.3333333333333333,0.3333333333333333,3,6.35,6.133333333333333,-0.21666666666666679,-0.5,-1.5,1,0,0,Declined
39,Javier Manquillo,Newcastle,Right Back,27,2020/21,75,Ankle Injury,2021-02-07,2021-03-10,Win,Everton,2.0,6.5,Loss,Crystal Palace,-1.0,6.2,Win,Southampton,1.0,6.1,Loss,Chelsea,-2.0,Loss,Man United,-2.0,Draw,Wolves,0.0,,,,,Loss,Brighton,-3.0,6.2,,,,,31,2021,2,Feb,26-29,Ankle,Moderate (15-45d),Squad player,0.6666666666666666,2.0,3,-1.3333333333333333,0.3333333333333333,3,-3.0,0.0,1,6.266666666666666,6.2,-0.06666666666666554,2.0,1.6666666666666667,0,1,2,Stable
40,Isaac Hayden,Newcastle,Defensive Midfielder,26,2020/21,78,Coronavirus,2020-11-25,2020-12-11,,,,,Loss,Chelsea,-2.0,6.3,,,,,Win,Crystal Palace,2.0,,,,,,,Win,West Brom,1.0,6.9,Loss,Leeds,-3.0,5.9,Draw,Fulham,0.0,7.2,16,2020,11,Nov,26-29,Illness,Moderate (15-45d),Squad player,-2.0,0.0,1,2.0,3.0,1,-0.6666666666666666,1.3333333333333333,3,6.3,6.666666666666667,0.36666666666666714,-4.0,-3.0,1,0,0,Improved
41,Isaac Hayden,Newcastle,Defensive Midfielder,26,2020/21,87,Knee Injury,2021-03-20,2021-06-01,Draw,West Brom,0.0,6.7,Draw,Aston Villa,0.0,6.9,Loss,Brighton,-3.0,6.2,Draw,Tottenham,0.0,Win,Burnley,2.0,Win,West Ham,1.0,,,,,,,,,,,,,73,2021,3,Mar,26-29,Knee,Major (46-90d),Star (top 25%),-1.0,0.6666666666666666,3,1.0,2.3333333333333335,3,,,0,6.6000000000000005,,,-2.0,-1.666666666666667,2,1,0,
42,Jonjo Shelvey,Newcastle,Central Midfielder,29,2020/21,78,Groin Injury,2020-10-19,2020-11-20,Draw,Tottenham,0.0,5.9,Win,Burnley,2.0,7.1,Loss,Man United,-3.0,6.7,Draw,Wolves,0.0,Win,Everton,1.0,Loss,Southampton,-2.0,Win,Crystal Palace,2.0,6.5,Win,West Brom,1.0,6.6,Draw,Fulham,0.0,6.7,32,2020,10,Oct,26-29,Groin / Hip,Moderate (15-45d),Squad player,-0.3333333333333333,1.3333333333333333,3,-0.3333333333333333,1.3333333333333333,3,1.0,2.3333333333333335,3,6.566666666666666,6.6000000000000005,0.0333333333333341,0.0,0.0,1,1,1,Stable
43,Jonjo Shelvey,Newcastle,Central Midfielder,29,2020/21,78,Hamstring Injury,2021-01-04,2021-01-17,Loss,Leicester,-1.0,5.8,,,,,,,,,Loss,Sheffield,-1.0,,,,,,,Loss,Arsenal,-3.0,6.2,Loss,Aston Villa,-2.0,6.2,Loss,Leeds,-1.0,6.6,13,2021,1,Jan,26-29,Hamstring,Minor (<=14d),Squad player,-1.0,0.0,1,-1.0,0.0,1,-2.0,0.0,3,5.8,6.333333333333333,0.5333333333333332,0.0,0.0,0,0,1,Improved
44,Matt Ritchie,Newcastle,Right Midfielder,31,2020/21,76,Shoulder Injury,2020-09-27,2020-11-25,Draw,Tottenham,0.0,6.0,,,,,,,,,Win,Burnley,2.0,Loss,Man United,-3.0,Draw,Wolves,1.0,Win,Crystal Palace,2.0,6.6,Win,West Brom,1.0,6.1,Draw,Fulham,0.0,5.0,59,2020,9,Sep,30-33,Shoulder / Arm,Major (46-90d),Squad player,0.0,1.0,1,0.0,1.3333333333333333,3,1.0,2.3333333333333335,3,6.0,5.8999999999999995,-0.10000000000000053,0.0,-0.33333333333333326,1,1,1,Stable
45,Allan Saint-Maximin,Newcastle,Left Winger,24,2020/21,79,Ankle Injury,2020-09-21,2020-10-01,Win,West Ham,2.0,6.7,Loss,Brighton,-3.0,5.3,,,,,Draw,Tottenham,0.0,,,,,,,Win,Burnley,2.0,8.3,Loss,Man United,-3.0,7.3,Draw,Wolves,0.0,6.5,10,2020,9,Sep,22-25,Ankle,Minor (<=14d),Squad player,-0.5,1.5,2,0.0,1.0,1,-0.3333333333333333,1.3333333333333333,3,6.0,7.366666666666667,1.3666666666666671,-0.5,0.5,0,1,0,Improved
46,Allan Saint-Maximin,Newcastle,Left Winger,24,2020/21,79,Calf Injury,2020-11-22,2021-01-22,Win,Everton,1.0,6.2,Loss,Southampton,-2.0,6.1,Loss,Chelsea,-2.0,5.9,Win,Crystal Palace,2.0,Win,West Brom,1.0,Loss,Leeds,-3.0,Loss,Aston Villa,-2.0,5.7,Loss,Leeds,-1.0,6.1,Win,Everton,2.0,5.4,61,2020,11,Nov,22-25,Calf / Achilles,Major (46-90d),Squad player,-1.0,1.0,3,0.0,2.0,3,-0.3333333333333333,1.0,3,6.066666666666667,5.733333333333334,-0.33333333333333304,-1.0,-1.0,2,0,1,Declined
47,Allan Saint-Maximin,Newcastle,Left Winger,24,2020/21,79,Groin Injury,2021-02-28,2021-04-04,Loss,Chelsea,-2.0,6.1,Loss,Man United,-2.0,7.4,Draw,Wolves,0.0,7.0,Draw,West Brom,0.0,Draw,Aston Villa,0.0,Loss,Brighton,-3.0,Draw,Tottenham,0.0,5.5,Win,Burnley,1.0,7.8,Win,West Ham,1.0,6.3,35,2021,2,Feb,22-25,Groin / Hip,Moderate (15-45d),Squad player,-1.3333333333333333,0.3333333333333333,3,-1.0,0.6666666666666666,3,0.6666666666666666,2.3333333333333335,3,6.833333333333333,6.533333333333334,-0.29999999999999893,-0.33333333333333326,-0.3333333333333333,0,2,1,Declined
48,Miguel Almirón,Newcastle,Right Winger,27,2020/21,76,Knee Injury,2021-02-28,2021-03-15,Loss,Chelsea,-2.0,6.1,Loss,Man United,-2.0,5.7,Draw,Wolves,0.0,6.2,Draw,West Brom,0.0,Draw,Aston Villa,0.0,,,,Loss,Brighton,-3.0,5.6,Draw,Tottenham,0.0,6.5,Win,Burnley,1.0,6.3,15,2021,2,Feb,26-29,Knee,Moderate (15-45d),Squad player,-1.3333333333333333,0.3333333333333333,3,0.0,1.0,2,-0.6666666666666666,1.3333333333333333,3,6.0,6.133333333333333,0.13333333333333286,-1.3333333333333333,-0.6666666666666667,0,2,0,Stable
49,Dwight Gayle,Newcastle,Center Forward,31,2020/21,75,Inner Ligament Injury,2020-09-05,2020-12-11,,,,,,,,,,,,,Win,West Ham,2.0,Loss,Brighton,-3.0,Draw,Tottenham,0.0,Win,West Brom,1.0,7.8,Loss,Leeds,-3.0,,Draw,Fulham,0.0,6.5,97,2020,9,Sep,30-33,Ligament / Fracture,Severe (>90d),Squad player,,,0,-0.3333333333333333,1.3333333333333333,3,-0.6666666666666666,1.3333333333333333,3,,7.15,,,,1,1,1,
50,Jamal Lewis,Newcastle,Left Back,23,2020/21,75,Knee Problems,2020-12-31,2021-01-15,,,,,Loss,Man City,-2.0,5.9,,,,,Loss,Leicester,-1.0,Loss,Sheffield,-1.0,,,,Loss,Arsenal,-3.0,5.6,Loss,Aston Villa,-2.0,5.1,Loss,Leeds,-1.0,6.3,15,2020,12,Dec,22-25,Knee,Moderate (15-45d),Squad player,-2.0,0.0,1,-1.0,0.0,2,-2.0,0.0,3,5.9,5.666666666666667,-0.2333333333333334,-1.0,0.0,0,0,2,Declined
51,Ryan Fraser,Newcastle,Left Winger,27,2020/21,77,Hamstring Injury,2020-11-02,2020-12-15,Loss,Man United,-3.0,5.1,Draw,Wolves,0.0,5.7,Win,Everton,1.0,5.7,Loss,Southampton,-2.0,Loss,Chelsea,-2.0,Win,Crystal Palace,2.0,Loss,Leeds,-3.0,7.1,Draw,Fulham,0.0,,,,,,43,2020,11,Nov,26-29,Hamstring,Moderate (15-45d),Squad player,-0.6666666666666666,1.3333333333333333,3,-0.6666666666666666,1.0,3,-1.5,0.5,2,5.5,7.1,1.5999999999999996,0.0,0.33333333333333326,1,0,2,Improved
52,Ryan Fraser,Newcastle,Left Winger,27,2020/21,77,Groin Injury,2021-04-01,2021-05-31,Draw,West Brom,0.0,5.8,Draw,Aston Villa,0.0,6.4,Loss,Brighton,-3.0,6.1,Draw,Tottenham,0.0,Win,Burnley,1.0,Win,West Ham,1.0,,,,,,,,,,,,,60,2021,4,Apr,26-29,Groin / Hip,Major (46-90d),Squad player,-1.0,0.6666666666666666,3,0.6666666666666666,2.3333333333333335,3,,,0,6.099999999999999,,,-1.6666666666666665,-1.666666666666667,2,1,0,
53,Callum Wilson,Newcastle,Center Forward,29,2020/21,79,Hamstring Strain,2020-11-07,2020-11-26,Draw,Wolves,0.0,5.7,Win,Everton,1.0,7.8,Loss,Southampton,-2.0,5.2,Loss,Chelsea,-2.0,,,,,,,Win,Crystal Palace,2.0,7.2,Win,West Brom,1.0,5.7,Loss,Leeds,-3.0,6.9,19,2020,11,Nov,26-29,Hamstring,Moderate (15-45d),Squad player,-0.3333333333333333,1.3333333333333333,3,-2.0,0.0,1,0.0,2.0,3,6.233333333333333,6.6000000000000005,0.36666666666666714,1.6666666666666667,1.3333333333333333,0,0,1,Improved
54,Callum Wilson,Newcastle,Center Forward,29,2020/21,79,Hamstring Injury,2021-02-07,2021-04-04,Win,Everton,2.0,8.5,Loss,Crystal Palace,-1.0,6.9,Win,Southampton,1.0,6.1,Loss,Chelsea,-2.0,Loss,Man United,-2.0,Draw,Wolves,0.0,Win,Burnley,1.0,5.2,Win,West Ham,1.0,6.2,Draw,Liverpool,0.0,5.7,56,2021,2,Feb,26-29,Hamstring,Major (46-90d),Squad player,0.6666666666666666,2.0,3,-1.3333333333333333,0.3333333333333333,3,0.6666666666666666,2.3333333333333335,3,7.166666666666667,5.7,-1.4666666666666668,2.0,1.6666666666666667,0,1,2,Declined
55,Callum Wilson,Newcastle,Center Forward,29,2020/21,79,Hamstring Injury,2021-05-08,2021-05-25,Draw,Liverpool,0.0,5.7,Loss,Arsenal,-2.0,5.5,Win,Leicester,2.0,8.1,Loss,Man City,-1.0,Win,Sheffield,1.0,Win,Fulham,2.0,,,,,,,,,,,,,17,2021,5,May,26-29,Hamstring,Moderate (15-45d),Squad player,0.0,1.3333333333333333,3,0.6666666666666666,2.0,3,,,0,6.433333333333333,,,-0.6666666666666666,-0.6666666666666667,2,0,1,
56,Jamaal Lascelles,Newcastle,Center Back,28,2021/22,77,Ill,2022-02-11,2022-02-16,Draw,Watford,0.0,7.0,Win,Leeds,1.0,7.0,Win,Everton,2.0,6.6,Win,Aston Villa,1.0,,,,,,,,,,,,,,,,,,,5,2022,2,Feb,26-29,Other,Minor (<=14d),Squad player,1.0,2.3333333333333335,3,1.0,3.0,1,,,0,6.866666666666667,,,0.0,-0.6666666666666665,1,0,0,
57,Paul Dummett,Newcastle,Center Back,30,2021/22,75,Calf Injury,2021-07-28,2022-01-01,,,,,,,,,,,,,Loss,Liverpool,-2.0,Loss,Man City,-4.0,Draw,Man United,0.0,Draw,Watford,0.0,7.0,Win,Leeds,1.0,6.0,,,,,157,2021,7,Jul,30-33,Calf / Achilles,Severe (>90d),Squad player,,,0,-2.0,0.3333333333333333,3,0.5,2.0,2,,6.5,,,,0,1,2,
58,Joelinton,Newcastle,Central Midfielder,25,2021/22,79,Knock,2022-03-07,2022-03-15,Draw,West Ham,0.0,6.4,Win,Brentford,2.0,7.7,Win,Brighton,1.0,6.6,Win,Southampton,1.0,Loss,Chelsea,-1.0,,,,Loss,Everton,-1.0,6.2,Loss,Tottenham,-4.0,5.5,Win,Wolves,1.0,6.6,8,2022,3,Mar,22-25,Other,Minor (<=14d),Squad player,1.0,2.3333333333333335,3,0.0,1.5,2,-1.3333333333333333,1.0,3,6.900000000000001,6.099999999999999,-0.8000000000000025,1.0,0.8333333333333335,1,0,1,Declined
59,Jonjo Shelvey,Newcastle,Central Midfielder,30,2021/22,77,Calf Injury,2021-08-15,2021-10-15,Loss,West Ham,-2.0,7.0,,,,,,,,,Loss,Aston Villa,-2.0,Draw,Southampton,0.0,Loss,Man United,-3.0,,,,,,,,,Draw,Brighton,0.0,6.0,61,2021,8,Aug,30-33,Calf / Achilles,Major (46-90d),Squad player,-2.0,0.0,1,-1.6666666666666667,0.3333333333333333,3,0.0,1.0,1,7.0,6.0,-1.0,-0.33333333333333326,-0.3333333333333333,0,1,2,Declined
60,Jonjo Shelvey,Newcastle,Central Midfielder,30,2021/22,77,Muscle Injury,2021-12-17,2021-12-26,Win,Burnley,1.0,7.0,Loss,Leicester,-4.0,6.0,Loss,Liverpool,-2.0,7.0,Loss,Man City,-4.0,,,,,,,Draw,Man United,0.0,7.0,Draw,Watford,0.0,7.0,Win,Leeds,1.0,9.0,9,2021,12,Dec,30-33,Thigh / Muscle,Minor (<=14d),Squad player,-1.6666666666666667,1.0,3,-4.0,0.0,1,0.3333333333333333,1.6666666666666667,3,6.666666666666667,7.666666666666667,1.0,2.333333333333333,1.0,0,0,1,Improved
61,Jonjo Shelvey,Newcastle,Central Midfielder,30,2021/22,77,Calf Problems,2022-05-01,2022-05-25,Win,Leicester,1.0,7.0,Win,Crystal Palace,1.0,6.0,Loss,Liverpool,1.0,6.0,Loss,Man City,-5.0,Win,Arsenal,2.0,Win,Burnley,1.0,,,,,,,,,,,,,24,2022,5,May,30-33,Calf / Achilles,Moderate (15-45d),Squad player,1.0,2.0,3,-0.6666666666666666,2.0,3,,,0,6.333333333333333,,,1.6666666666666665,0.0,2,0,1,
62,Allan Saint-Maximin,Newcastle,Left Winger,25,2021/22,79,Ill & Knock,2022-02-14,2022-03-12,Win,Leeds,1.0,8.0,Win,Everton,2.0,9.0,Win,Aston Villa,1.0,5.0,Draw,West Ham,0.0,Win,Brentford,2.0,Win,Southampton,1.0,Loss,Chelsea,-1.0,,Loss,Everton,-1.0,,Loss,Tottenham,-4.0,6.0,26,2022,2,Feb,22-25,Other,Moderate (15-45d),Squad player,1.3333333333333333,3.0,3,1.0,2.3333333333333335,3,-2.0,0.0,3,7.333333333333333,6.0,-1.333333333333333,0.33333333333333326,0.6666666666666665,2,1,0,Declined
63,Joe Willock,Newcastle,Central Midfielder,22,2021/22,75,Coronavirus,2021-12-21,2021-12-31,Loss,Leicester,-4.0,5.9,,,,,Loss,Man City,-4.0,5.4,Draw,Man United,0.0,,,,,,,Win,Leeds,1.0,7.0,Win,Everton,2.0,6.5,Win,Aston Villa,1.0,6.3,10,2021,12,Dec,22-25,Illness,Minor (<=14d),Squad player,-4.0,0.0,2,0.0,1.0,1,1.3333333333333333,3.0,3,5.65,6.6000000000000005,0.9500000000000002,-4.0,-1.0,0,1,0,Improved
64,Joe Willock,Newcastle,Central Midfielder,22,2021/22,75,Knee Injury,2022-04-04,2022-04-10,Win,Southampton,1.0,6.9,Loss,Everton,-1.0,6.5,Loss,Tottenham,-4.0,5.9,Win,Wolves,1.0,,,,,,,Win,Leicester,1.0,,Win,Crystal Palace,1.0,,Win,Norwich City,3.0,6.0,6,2022,4,Apr,22-25,Knee,Minor (<=14d),Squad player,-1.3333333333333333,1.0,3,1.0,3.0,1,1.6666666666666667,3.0,3,6.433333333333334,6.0,-0.43333333333333357,-2.333333333333333,-2.0,1,0,0,Declined
65,Joe Willock,Newcastle,Central Midfielder,22,2021/22,75,Knee Injury,2022-05-01,2022-05-25,Win,Crystal Palace,1.0,,Win,Norwich City,3.0,6.0,Loss,Liverpool,-1.0,5.1,Loss,Man City,-5.0,Win,Arsenal,2.0,Win,Burnley,1.0,,,,,,,,,,,,,24,2022,5,May,22-25,Knee,Moderate (15-45d),Squad player,1.0,2.0,3,-0.6666666666666666,2.0,3,,,0,5.55,,,1.6666666666666665,0.0,2,0,1,
66,Ryan Fraser,Newcastle,Left Winger,28,2021/22,77,Hamstring Injury,2022-04-08,2022-05-09,Loss,Everton,-1.0,5.5,Loss,Tottenham,-4.0,5.8,,,,,Win,Leicester,1.0,Win,Crystal Palace,1.0,Win,Norwich City,3.0,Win,Arsenal,2.0,,,,,,,,,,31,2022,4,Apr,26-29,Hamstring,Moderate (15-45d),Squad player,-2.5,0.0,2,1.6666666666666667,3.0,3,2.0,3.0,1,5.65,,,-4.166666666666667,-3.0,3,0,0,
67,Callum Wilson,Newcastle,Center Forward,30,2021/22,78,Hamstring Injury,2021-08-30,2021-10-17,Loss,West Ham,2.0,6.9,Loss,Aston Villa,-2.0,5.3,Draw,Southampton,0.0,6.8,Loss,Man United,-3.0,Draw,Leeds,0.0,Draw,Watford,0.0,Loss,Tottenham,-1.0,6.9,Draw,Crystal Palace,0.0,6.3,Loss,Chelsea,-3.0,5.2,48,2021,8,Aug,30-33,Hamstring,Major (46-90d),Squad player,0.0,0.3333333333333333,3,-1.0,0.6666666666666666,3,-1.3333333333333333,0.3333333333333333,3,6.333333333333333,6.133333333333333,-0.20000000000000018,1.0,-0.3333333333333333,0,2,1,Declined
68,Callum Wilson,Newcastle,Center Forward,30,2021/22,78,Calf Injury,2021-12-27,2022-05-01,Loss,Liverpool,-2.0,,Loss,Man City,-4.0,5.9,Draw,Man United,0.0,5.4,Draw,Watford,0.0,Win,Leeds,1.0,Win,Everton,2.0,Loss,Man City,-5.0,,Win,Arsenal,2.0,5.4,Win,Burnley,1.0,7.8,125,2021,12,Dec,30-33,Calf / Achilles,Severe (>90d),Squad player,-2.0,0.3333333333333333,3,1.0,2.3333333333333335,3,-0.6666666666666666,2.0,3,5.65,6.6,0.9499999999999993,-3.0,-2.0,2,1,0,Improved
69,Kieran Trippier,Newcastle,Right Back,31,2021/22,81,Metatarsal Fracture,2022-02-13,2022-05-01,Win,Leeds,1.0,7.0,Win,Everton,2.0,7.3,Win,Aston Villa,1.0,7.5,Draw,West Ham,0.0,Win,Brentford,2.0,Win,Brighton,1.0,Loss,Man City,-5.0,,Win,Burnley,1.0,6.3,,,,,77,2022,2,Feb,30-33,Foot,Major (46-90d),Star (top 25%),1.3333333333333333,3.0,3,1.0,2.3333333333333335,3,-2.0,1.5,2,7.266666666666667,6.3,-0.9666666666666668,0.33333333333333326,0.6666666666666665,2,1,0,Declined
70,Chris Wood,Newcastle,Center Forward,30,2021/22,77,Hip Injury,2022-05-09,2022-05-20,,,,,Loss,Liverpool,-1.0,,Loss,Man City,-5.0,5.6,Win,Arsenal,2.0,,,,,,,Win,Burnley,1.0,,,,,,,,,,11,2022,5,May,30-33,Groin / Hip,Minor (<=14d),Squad player,-3.0,0.0,2,2.0,3.0,1,1.0,3.0,1,5.6,,,-5.0,-3.0,1,0,0,
71,Fabian Schär,Newcastle,Center Back,31,2022/23,80,Concussion,2023-02-27,2023-03-05,Draw,West Ham,0.0,6.7,Draw,Bournemouth,0.0,6.4,Loss,Liverpool,-2.0,5.5,Loss,Man City,-2.0,,,,,,,Win,Wolves,1.0,6.6,Win,Nottm Forest,1.0,6.4,Win,Man United,2.0,6.9,6,2023,2,Feb,30-33,Head,Minor (<=14d),Squad player,-0.6666666666666666,0.6666666666666666,3,-2.0,0.0,1,1.3333333333333333,3.0,3,6.2,6.633333333333333,0.4333333333333327,1.3333333333333335,0.6666666666666666,0,0,1,Improved
72,Joelinton,Newcastle,Central Midfielder,26,2022/23,80,Knock,2023-05-22,2023-05-31,Loss,Arsenal,-2.0,6.4,Draw,Leeds,0.0,6.0,Win,Brighton,3.0,6.3,Draw,Leicester,0.0,Draw,Chelsea,0.0,,,,,,,,,,,,,,,,9,2023,5,May,26-29,Other,Minor (<=14d),Squad player,0.3333333333333333,1.3333333333333333,3,0.0,1.0,2,,,0,6.233333333333333,,,0.3333333333333333,0.33333333333333326,0,2,0,
73,Sean Longstaff,Newcastle,Central Midfielder,25,2022/23,77,Outer Ligament Problems,2023-04-27,2023-05-20,Loss,Aston Villa,-3.0,5.8,Win,Tottenham,5.0,7.3,Win,Everton,3.0,6.2,Win,Southampton,2.0,Loss,Arsenal,-2.0,Draw,Leeds,0.0,Draw,Leicester,0.0,6.3,,,,,,,,,23,2023,4,Apr,22-25,Ligament / Fracture,Moderate (15-45d),Squad player,1.6666666666666667,2.0,3,0.0,1.3333333333333333,3,0.0,1.0,1,6.433333333333334,6.3,-0.13333333333333375,1.6666666666666667,0.6666666666666667,1,1,1,Stable
74,Jonjo Shelvey,Newcastle,Central Midfielder,31,2022/23,77,Hamstring Injury,2022-07-26,2022-10-10,,,,,,,,,,,,,Win,Nottm Forest,2.0,Draw,Brighton,0.0,Draw,Man City,0.0,,,,,Win,Aston Villa,4.0,,Win,Southampton,3.0,,76,2022,7,Jul,30-33,Hamstring,Major (46-90d),Squad player,,,0,0.6666666666666666,1.6666666666666667,3,3.5,3.0,2,,,,,,1,2,0,
75,Allan Saint-Maximin,Newcastle,Left Winger,26,2022/23,79,Hamstring Injury,2022-08-29,2022-10-05,Draw,Brighton,0.0,7.0,Draw,Man City,0.0,9.0,Draw,Wolves,0.0,7.0,Loss,Liverpool,-1.0,Draw,Crystal Palace,0.0,Draw,Bournemouth,0.0,Win,Brentford,4.0,,,,,,,,,,37,2022,8,Aug,26-29,Hamstring,Moderate (15-45d),Squad player,0.0,1.0,3,-0.3333333333333333,0.6666666666666666,3,4.0,3.0,1,7.666666666666667,,,0.3333333333333333,0.33333333333333337,0,2,1,
76,Allan Saint-Maximin,Newcastle,Left Winger,26,2022/23,79,Muscle Injury,2022-10-14,2022-10-26,Win,Brentford,4.0,,,,,,,,,,Draw,Man United,0.0,Win,Everton,1.0,Win,Tottenham,1.0,,,,,Win,Southampton,3.0,,,,,,12,2022,10,Oct,26-29,Thigh / Muscle,Minor (<=14d),Squad player,4.0,3.0,1,0.6666666666666666,2.3333333333333335,3,3.0,3.0,1,,,,3.3333333333333335,0.6666666666666665,2,1,0,
77,Allan Saint-Maximin,Newcastle,Left Winger,26,2022/23,79,Hamstring Injury,2023-04-06,2023-05-05,Win,Nottm Forest,1.0,5.0,Win,Man United,2.0,8.0,Win,West Ham,4.0,7.0,Win,Brentford,1.0,Loss,Aston Villa,-3.0,Win,Tottenham,5.0,Loss,Arsenal,-2.0,,Draw,Leeds,0.0,,,,,,29,2023,4,Apr,26-29,Hamstring,Moderate (15-45d),Squad player,2.3333333333333335,3.0,3,1.0,2.0,3,-1.0,0.5,2,6.666666666666667,,,1.3333333333333335,1.0,2,0,1,
78,Miguel Almirón,Newcastle,Right Winger,29,2022/23,78,Thigh Problems,2023-03-15,2023-04-15,Loss,Liverpool,-2.0,6.2,Loss,Man City,-2.0,5.5,Win,Wolves,1.0,,Win,Nottm Forest,1.0,Win,Man United,2.0,Win,West Ham,4.0,Loss,Aston Villa,-3.0,,Win,Tottenham,5.0,,Win,Everton,3.0,5.9,31,2023,3,Mar,26-29,Thigh / Muscle,Moderate (15-45d),Squad player,-1.0,1.0,3,2.3333333333333335,3.0,3,1.6666666666666667,2.0,3,5.85,5.9,0.05000000000000071,-3.3333333333333335,-2.0,3,0,0,Stable
79,Joe Willock,Newcastle,Central Midfielder,23,2022/23,76,Hamstring Injury,2023-05-18,2023-06-05,Loss,Arsenal,2.0,6.4,Draw,Leeds,0.0,7.0,Win,Brighton,3.0,6.5,Draw,Leicester,0.0,Draw,Chelsea,0.0,,,,,,,,,,,,,,,,18,2023,5,May,22-25,Hamstring,Moderate (15-45d),Squad player,1.6666666666666667,1.3333333333333333,3,0.0,1.0,2,,,0,6.633333333333333,,,1.6666666666666667,0.33333333333333326,0,2,0,
80,Callum Wilson,Newcastle,Center Forward,31,2022/23,79,Hamstring Injury,2022-08-21,2022-09-25,Win,Nottm Forest,2.0,6.8,Draw,Brighton,0.0,5.1,Draw,Man City,0.0,6.9,Draw,Wolves,0.0,Loss,Liverpool,1.0,Draw,Crystal Palace,0.0,Win,Fulham,3.0,6.7,Win,Brentford,4.0,6.4,Draw,Man United,0.0,5.6,35,2022,8,Aug,30-33,Hamstring,Moderate (15-45d),Squad player,0.6666666666666666,1.6666666666666667,3,0.3333333333333333,0.6666666666666666,3,2.3333333333333335,2.3333333333333335,3,6.266666666666666,6.233333333333334,-0.03333333333333144,0.3333333333333333,1.0,0,2,1,Stable
81,Bruno Guimarães,Newcastle,Defensive Midfielder,25,2022/23,81,Hamstring Injury,2022-08-25,2022-09-16,Win,Nottm Forest,2.0,7.8,Draw,Brighton,0.0,6.8,Draw,Man City,0.0,5.8,Draw,Wolves,0.0,Loss,Liverpool,-1.0,Draw,Crystal Palace,0.0,Draw,Bournemouth,0.0,6.9,Win,Fulham,3.0,7.6,Win,Brentford,4.0,8.9,22,2022,8,Aug,22-25,Hamstring,Moderate (15-45d),Star (top 25%),0.6666666666666666,1.6666666666666667,3,-0.3333333333333333,0.6666666666666666,3,2.3333333333333335,2.3333333333333335,3,6.8,7.8,1.0,1.0,1.0,0,2,1,Improved
82,Bruno Guimarães,Newcastle,Defensive Midfielder,25,2022/23,81,Ankle Injury,2023-02-01,2023-02-20,Draw,Arsenal,0.0,6.4,Win,Fulham,1.0,6.6,Draw,Crystal Palace,0.0,6.5,Draw,West Ham,0.0,Draw,Bournemouth,0.0,Loss,Liverpool,-2.0,Loss,Man City,-2.0,6.4,Win,Wolves,1.0,6.2,Win,Nottm Forest,1.0,7.2,19,2023,2,Feb,22-25,Ankle,Moderate (15-45d),Star (top 25%),0.3333333333333333,1.6666666666666667,3,-0.6666666666666666,0.6666666666666666,3,0.0,2.0,3,6.5,6.6000000000000005,0.10000000000000053,1.0,1.0,0,2,1,Stable
83,Nick Pope,Newcastle,Goalkeeper,31,2022/23,83,Hand Injury,2023-05-23,2023-06-20,Draw,Leeds,0.0,7.0,Win,Brighton,3.0,6.1,Draw,Leicester,0.0,6.5,Draw,Chelsea,0.0,,,,,,,,,,,,,,,,,,,28,2023,5,May,30-33,Shoulder / Arm,Moderate (15-45d),Star (top 25%),1.0,1.6666666666666667,3,0.0,1.0,1,,,0,6.533333333333334,,,1.0,0.6666666666666667,0,1,0,
84,Anthony Gordon,Newcastle,Left Winger,22,2022/23,77,Ankle Injury,2023-03-10,2023-04-01,Draw,Bournemouth,0.0,,Loss,Liverpool,-2.0,,Loss,Man City,-2.0,6.1,Win,Wolves,1.0,Win,Nottm Forest,1.0,,,,Win,Man United,2.0,,Win,West Ham,4.0,,Win,Brentford,1.0,,22,2023,3,Mar,22-25,Ankle,Moderate (15-45d),Squad player,-1.3333333333333333,0.3333333333333333,3,1.0,3.0,2,2.3333333333333335,3.0,3,6.1,,,-2.333333333333333,-2.6666666666666665,2,0,0,
85,Alexander Isak,Newcastle,Center Forward,23,2022/23,80,Thigh Problems,2022-09-20,2023-01-04,Loss,Liverpool,-1.0,6.8,Draw,Crystal Palace,0.0,6.1,Draw,Bournemouth,0.0,7.4,Win,Fulham,3.0,Win,Brentford,4.0,Draw,Man United,0.0,Win,Fulham,1.0,,Draw,Crystal Palace,0.0,,Draw,Bournemouth,0.0,6.5,106,2022,9,Sep,22-25,Thigh / Muscle,Severe (>90d),Squad player,-0.3333333333333333,0.6666666666666666,3,2.3333333333333335,2.3333333333333335,3,0.3333333333333333,1.6666666666666667,3,6.766666666666666,6.5,-0.2666666666666657,-2.666666666666667,-1.666666666666667,2,1,0,Declined
86,Jamaal Lascelles,Newcastle,Center Back,30,2023/24,76,Unknown Injury,2023-12-23,2024-01-01,Loss,Tottenham,-3.0,4.9,Loss,Fulham,-3.0,7.5,Win,Luton Town,1.0,6.1,Loss,Nottm Forest,-2.0,,,,,,,,,,,,,,,,,,,9,2023,12,Dec,30-33,Other,Minor (<=14d),Squad player,-1.6666666666666667,1.0,3,-2.0,0.0,1,,,0,6.166666666666667,,,0.33333333333333326,1.0,0,0,1,
87,Fabian Schär,Newcastle,Center Back,32,2023/24,82,Hamstring Injury,2024-04-27,2024-05-15,Win,Tottenham,4.0,7.8,Loss,Crystal Palace,-2.0,5.8,Win,Sheffield,4.0,5.9,Win,Burnley,3.0,Draw,Brighton,0.0,,,,Loss,Man United,-1.0,,Win,Brentford,2.0,5.7,,,,,18,2024,4,Apr,30-33,Hamstring,Moderate (15-45d),Star (top 25%),2.0,2.0,3,1.5,2.0,2,0.5,1.5,2,6.5,5.7,-0.7999999999999998,0.5,0.0,1,1,0,Declined
88,Joelinton,Newcastle,Central Midfielder,27,2023/24,82,Hamstring Injury,2023-09-13,2023-10-15,Loss,Man City,-1.0,6.0,Loss,Liverpool,-1.0,6.8,Loss,Brighton,-2.0,6.3,Win,Brentford,1.0,Win,Sheffield,8.0,Draw,West Ham,0.0,Win,Crystal Palace,4.0,6.5,Draw,Wolves,0.0,6.8,Win,Arsenal,1.0,7.8,32,2023,9,Sep,26-29,Hamstring,Moderate (15-45d),Star (top 25%),-1.3333333333333333,0.0,3,3.0,2.3333333333333335,3,1.6666666666666667,2.3333333333333335,3,6.366666666666667,7.033333333333334,0.666666666666667,-4.333333333333333,-2.3333333333333335,2,1,0,Improved
89,Joelinton,Newcastle,Central Midfielder,27,2023/24,82,Hamstring Injury,2023-12-16,2023-12-25,Loss,Everton,-3.0,7.0,Loss,Tottenham,-3.0,7.0,Win,Fulham,3.0,5.6,Loss,Luton Town,-1.0,,,,,,,Loss,Nottm Forest,-2.0,,Loss,Liverpool,-2.0,6.6,,,,,9,2023,12,Dec,26-29,Hamstring,Minor (<=14d),Star (top 25%),-1.0,1.0,3,-1.0,0.0,1,-2.0,0.0,2,6.533333333333334,6.6,0.06666666666666554,0.0,1.0,0,0,1,Stable
90,Joelinton,Newcastle,Central Midfielder,27,2023/24,82,Groin Surgery,2024-01-06,2024-05-03,Loss,Nottm Forest,-2.0,,Loss,Liverpool,-2.0,6.6,,,,,Loss,Man City,-1.0,Win,Aston Villa,2.0,Draw,Luton Town,0.0,Win,Burnley,3.0,,Draw,Brighton,0.0,,Loss,Man United,-1.0,,118,2024,1,Jan,26-29,Groin / Hip,Severe (>90d),Star (top 25%),-2.0,0.0,2,0.3333333333333333,1.3333333333333333,3,0.6666666666666666,1.3333333333333333,3,6.6,,,-2.3333333333333335,-1.3333333333333333,1,1,1,
91,Sean Longstaff,Newcastle,Central Midfielder,26,2023/24,77,Ankle Injury,2023-11-11,2023-12-08,Draw,Wolves,0.0,6.5,Win,Arsenal,1.0,6.5,Loss,Bournemouth,-2.0,5.9,Win,Chelsea,3.0,Win,Man United,1.0,Loss,Everton,-3.0,Loss,Tottenham,-3.0,,Win,Fulham,3.0,6.8,Loss,Luton Town,-1.0,6.0,27,2023,11,Nov,26-29,Ankle,Moderate (15-45d),Squad player,-0.3333333333333333,1.3333333333333333,3,0.3333333333333333,2.0,3,-0.3333333333333333,1.0,3,6.3,6.4,0.10000000000000053,-0.6666666666666666,-0.6666666666666667,2,0,1,Stable
92,Miguel Almirón,Newcastle,Right Winger,30,2023/24,79,Knee Injury,2024-03-30,2024-05-03,Win,Wolves,3.0,,Loss,Chelsea,-1.0,6.3,Win,West Ham,1.0,,Draw,Everton,0.0,Win,Fulham,1.0,Win,Tottenham,4.0,Win,Burnley,3.0,,Draw,Brighton,0.0,,Loss,Man United,-1.0,,34,2024,3,Mar,30-33,Knee,Moderate (15-45d),Squad player,1.0,2.0,3,1.6666666666666667,2.3333333333333335,3,0.6666666666666666,1.3333333333333333,3,6.3,,,-0.6666666666666667,-0.3333333333333335,2,1,0,
93,Joe Willock,Newcastle,Central Midfielder,24,2023/24,78,Hamstring Injury,2023-08-01,2023-10-23,,,,,,,,,,,,,Win,Aston Villa,4.0,Loss,Man City,-1.0,Loss,Liverpool,-1.0,Draw,Wolves,0.0,,Win,Arsenal,1.0,,Loss,Bournemouth,-2.0,6.4,83,2023,8,Aug,22-25,Hamstring,Major (46-90d),Squad player,,,0,0.6666666666666666,1.0,3,-0.3333333333333333,1.3333333333333333,3,,6.4,,,,1,0,2,
94,Joe Willock,Newcastle,Central Midfielder,24,2023/24,78,Achilles Tendon Problems,2023-11-24,2024-02-23,Draw,Wolves,0.0,,Win,Arsenal,1.0,,Loss,Bournemouth,-2.0,6.4,Win,Chelsea,3.0,Win,Man United,1.0,Loss,Everton,-3.0,Loss,Arsenal,-3.0,,Win,Wolves,3.0,6.4,Loss,Chelsea,-1.0,6.6,91,2023,11,Nov,22-25,Calf / Achilles,Severe (>90d),Squad player,-0.3333333333333333,1.3333333333333333,3,0.3333333333333333,2.0,3,-0.3333333333333333,1.0,3,6.4,6.5,0.09999999999999964,-0.6666666666666666,-0.6666666666666667,2,0,1,Stable
95,Joe Willock,Newcastle,Central Midfielder,24,2023/24,78,Achilles Tendon Problems,2024-04-06,2024-05-20,Win,West Ham,1.0,6.4,Draw,Everton,0.0,,Win,Fulham,1.0,6.0,Win,Tottenham,4.0,Loss,Crystal Palace,-2.0,Win,Sheffield,4.0,,,,,,,,,,,,,44,2024,4,Apr,22-25,Calf / Achilles,Moderate (15-45d),Squad player,0.6666666666666666,2.3333333333333335,3,2.0,2.0,3,,,0,6.2,,,-1.3333333333333335,0.3333333333333335,2,0,1,
96,Elliot Anderson,Newcastle,Central Midfielder,18,2023/24,74,Back Injury,2023-10-23,2024-02-25,Win,Burnley,2.0,6.6,Draw,West Ham,0.0,6.4,Win,Crystal Palace,4.0,5.0,Draw,Wolves,0.0,Win,Arsenal,1.0,Loss,Bournemouth,-2.0,,,,,Loss,Chelsea,-1.0,,Win,West Ham,1.0,,125,2023,10,Oct,<=21,Back,Severe (>90d),Squad player,2.0,2.3333333333333335,3,-0.3333333333333333,1.3333333333333333,3,0.0,1.5,2,6.0,,,2.3333333333333335,1.0000000000000002,1,1,1,
97,Callum Wilson,Newcastle,Center Forward,32,2023/24,82,Hamstring Injury,2023-09-24,2023-10-07,Loss,Brighton,-2.0,,Win,Brentford,1.0,6.7,Win,Sheffield,8.0,7.3,Win,Burnley,2.0,,,,,,,,,,,Win,Crystal Palace,4.0,7.0,Draw,Wolves,0.0,7.4,13,2023,9,Sep,30-33,Hamstring,Minor (<=14d),Star (top 25%),2.3333333333333335,2.0,3,2.0,3.0,1,2.0,2.0,2,7.0,7.2,0.20000000000000018,0.3333333333333335,-1.0,1,0,0,Improved
98,Callum Wilson,Newcastle,Center Forward,32,2023/24,82,Hamstring Injury,2023-11-07,2023-12-08,Win,Crystal Palace,4.0,7.0,Draw,Wolves,4.0,7.4,Win,Arsenal,1.0,5.7,Loss,Bournemouth,-2.0,Win,Chelsea,3.0,Win,Man United,1.0,Loss,Tottenham,-3.0,,Win,Fulham,3.0,6.2,Loss,Luton Town,-1.0,6.4,31,2023,11,Nov,30-33,Hamstring,Moderate (15-45d),Star (top 25%),3.0,2.3333333333333335,3,0.6666666666666666,2.0,3,-0.3333333333333333,1.0,3,6.7,6.300000000000001,-0.39999999999999947,2.3333333333333335,0.3333333333333335,2,0,1,Declined
99,Callum Wilson,Newcastle,Center Forward,32,2023/24,82,Calf Injury,2023-12-26,2024-02-01,Win,Fulham,3.0,6.2,Loss,Luton Town,-1.0,6.4,Loss,Nottm Forest,-2.0,,Loss,Liverpool,-2.0,Loss,Man City,-1.0,Win,Aston Villa,2.0,Draw,Luton Town,0.0,,Win,Nottm Forest,1.0,5.7,,,,,37,2023,12,Dec,30-33,Calf / Achilles,Moderate (15-45d),Star (top 25%),0.0,1.0,3,-0.3333333333333333,1.0,3,0.5,2.0,2,6.300000000000001,5.7,-0.6000000000000005,0.3333333333333333,0.0,1,0,2,Declined
100,Callum Wilson,Newcastle,Center Forward,32,2023/24,82,Chest Injury,2024-02-11,2024-04-15,Draw,Luton Town,0.0,,Win,Nottm Forest,1.0,5.7,,,,,Draw,Bournemouth,0.0,Loss,Arsenal,-3.0,Win,Wolves,3.0,Loss,Crystal Palace,2.0,,Win,Sheffield,4.0,,Win,Burnley,3.0,7.1,64,2024,2,Feb,30-33,Other,Major (46-90d),Star (top 25%),0.5,2.0,2,0.0,1.3333333333333333,3,3.0,2.0,3,5.7,7.1,1.3999999999999995,0.5,0.6666666666666667,1,1,1,Improved
101,Callum Wilson,Newcastle,Center Forward,32,2023/24,82,Ill,2024-05-06,2024-05-17,Loss,Crystal Palace,2.0,,Win,Sheffield,4.0,,Win,Burnley,3.0,7.1,Draw,Brighton,0.0,Loss,Man United,-1.0,,,,Win,Brentford,2.0,,,,,,,,,,11,2024,5,May,30-33,Other,Minor (<=14d),Star (top 25%),3.0,2.0,3,-0.5,0.5,2,2.0,3.0,1,7.1,,,3.5,1.5,0,1,1,
102,Dan Burn,Newcastle,Center Back,32,2023/24,78,Back Injury,2023-11-04,2023-12-11,Win,Crystal Palace,4.0,6.7,Draw,Wolves,0.0,6.2,Win,Arsenal,1.0,6.3,Loss,Bournemouth,-2.0,Win,Chelsea,3.0,Win,Man United,1.0,Win,Fulham,3.0,8.4,Loss,Luton Town,-1.0,6.6,Loss,Nottm Forest,-2.0,5.9,37,2023,11,Nov,30-33,Back,Moderate (15-45d),Squad player,1.6666666666666667,2.3333333333333335,3,0.6666666666666666,2.0,3,0.0,1.0,3,6.3999999999999995,6.966666666666666,0.5666666666666664,1.0,0.3333333333333335,2,0,1,Improved
103,Kieran Trippier,Newcastle,Right Back,33,2023/24,85,Groin Injury,2023-12-26,2024-01-05,,,,,Loss,Luton Town,-1.0,6.8,Loss,Nottm Forest,-2.0,7.0,Loss,Liverpool,-2.0,,,,,,,Loss,Man City,-1.0,6.5,Win,Aston Villa,2.0,7.4,Draw,Luton Town,0.0,7.7,10,2023,12,Dec,30-33,Groin / Hip,Minor (<=14d),Star (top 25%),-1.5,0.0,2,-2.0,0.0,1,0.3333333333333333,1.3333333333333333,3,6.9,7.2,0.2999999999999998,0.5,0.0,0,0,1,Improved
104,Kieran Trippier,Newcastle,Right Back,33,2023/24,85,Calf Injury,2024-03-02,2024-05-10,Draw,Bournemouth,0.0,6.0,Loss,Arsenal,-3.0,5.2,Win,Wolves,3.0,6.2,Loss,Chelsea,-1.0,Win,West Ham,1.0,Draw,Everton,0.0,,,,,Loss,Man United,-1.0,6.0,Win,Brentford,2.0,,69,2024,3,Mar,30-33,Calf / Achilles,Major (46-90d),Star (top 25%),0.0,1.3333333333333333,3,0.0,1.3333333333333333,3,0.5,1.5,2,5.8,6.0,0.20000000000000018,0.0,0.0,1,1,1,Improved
105,Sven Botman,Newcastle,Center Back,24,2023/24,83,Ankle Injury,2023-08-27,2023-09-15,Win,Aston Villa,4.0,7.4,Loss,Man City,-1.0,6.7,Loss,Liverpool,-1.0,6.4,Loss,Brighton,-2.0,,,,,,,Win,Brentford,1.0,7.1,Win,Sheffield,8.0,8.5,,,,,19,2023,8,Aug,22-25,Ankle,Moderate (15-45d),Star (top 25%),0.6666666666666666,1.0,3,-2.0,0.0,1,4.5,3.0,2,6.833333333333333,7.8,0.9666666666666668,2.6666666666666665,1.0,0,0,1,Improved
106,Sven Botman,Newcastle,Center Back,24,2023/24,83,Knee Injury,2023-09-28,2023-12-15,Win,Brentford,1.0,7.1,Win,Sheffield,8.0,8.5,,,,,Win,Burnley,2.0,Draw,West Ham,0.0,Win,Crystal Palace,4.0,,,,,Loss,Luton Town,-1.0,,Loss,Nottm Forest,-2.0,5.7,78,2023,9,Sep,22-25,Knee,Major (46-90d),Star (top 25%),4.5,3.0,2,2.0,2.3333333333333335,3,-1.5,0.0,2,7.8,5.7,-2.0999999999999996,2.5,0.6666666666666665,2,1,0,Declined
107,Sven Botman,Newcastle,Center Back,24,2023/24,83,Cruciate Ligament Surgery,2024-03-20,2024-12-02,Loss,Arsenal,-3.0,4.3,Win,Wolves,3.0,6.7,Loss,Chelsea,-1.0,6.2,Win,West Ham,1.0,Draw,Everton,0.0,Win,Fulham,1.0,,,,,,,,,,,,,257,2024,3,Mar,22-25,Knee,Severe (>90d),Star (top 25%),-0.3333333333333333,1.0,3,0.6666666666666666,2.3333333333333335,3,,,0,5.733333333333333,,,-1.0,-1.3333333333333335,2,1,0,
108,Lewis Miley,Newcastle,Central Midfielder,18,2023/24,70,Fever,2023-10-16,2023-11-01,,,,,,,,,,,,,Win,Crystal Palace,4.0,Draw,Wolves,0.0,,,,Loss,Bournemouth,-2.0,6.6,Win,Chelsea,3.0,6.8,Win,Man United,1.0,7.4,16,2023,10,Oct,<=21,Illness,Moderate (15-45d),Squad player,,,0,2.0,2.0,2,0.6666666666666666,2.0,3,,6.933333333333333,,,,1,1,0,
109,Lewis Miley,Newcastle,Central Midfielder,18,2023/24,70,Ack Injury,2024-03-25,2024-05-20,Loss,Arsenal,-3.0,5.9,Win,Wolves,3.0,,Loss,Chelsea,-1.0,,Win,West Ham,1.0,Draw,Everton,0.0,Win,Fulham,1.0,,,,,,,,,,,,,56,2024,3,Mar,<=21,Other,Major (46-90d),Squad player,-0.3333333333333333,1.0,3,0.6666666666666666,2.3333333333333335,3,,,0,5.9,,,-1.0,-1.3333333333333335,2,1,0,
110,Anthony Gordon,Newcastle,Left Winger,23,2023/24,80,Ankle Injury,2024-05-15,2024-05-27,Win,Burnley,3.0,7.0,Draw,Brighton,0.0,7.0,Loss,Man United,-1.0,8.4,Win,Brentford,2.0,,,,,,,,,,,,,,,,,,,12,2024,5,May,22-25,Ankle,Minor (<=14d),Squad player,0.6666666666666666,1.3333333333333333,3,2.0,3.0,1,,,0,7.466666666666666,,,-1.3333333333333335,-1.6666666666666667,1,0,0,
111,Alexander Isak,Newcastle,Center Forward,24,2023/24,83,Groin Injury,2023-10-25,2023-11-24,Win,Burnley,2.0,6.9,Draw,West Ham,0.0,8.7,Win,Crystal Palace,4.0,,Draw,Wolves,0.0,Win,Arsenal,1.0,Loss,Bournemouth,-2.0,Win,Chelsea,3.0,6.6,Win,Man United,1.0,6.7,Loss,Everton,-3.0,5.4,30,2023,10,Oct,22-25,Groin / Hip,Moderate (15-45d),Star (top 25%),2.0,2.3333333333333335,3,-0.3333333333333333,1.3333333333333333,3,0.3333333333333333,2.0,3,7.8,6.233333333333334,-1.5666666666666655,2.3333333333333335,1.0000000000000002,1,1,1,Declined
112,Alexander Isak,Newcastle,Center Forward,24,2023/24,83,Groin Injury,2024-01-30,2024-02-23,Loss,Nottm Forest,-2.0,7.8,Loss,Man City,-1.0,7.1,Win,Aston Villa,2.0,5.7,Draw,Luton Town,0.0,Win,Nottm Forest,1.0,Draw,Bournemouth,0.0,Win,Arsenal,-3.0,5.7,Win,Wolves,3.0,6.9,Loss,Chelsea,-1.0,7.1,24,2024,1,Jan,22-25,Groin / Hip,Moderate (15-45d),Star (top 25%),-0.3333333333333333,1.0,3,0.3333333333333333,1.6666666666666667,3,-0.3333333333333333,2.0,3,6.866666666666666,6.566666666666667,-0.29999999999999893,-0.6666666666666666,-0.6666666666666667,1,2,0,Declined
113,Tino Livramento,Newcastle,Right Back,21,2023/24,74,Ill,2024-01-12,2024-01-20,,,,,Loss,Nottm Forest,-2.0,,Loss,Liverpool,-2.0,5.8,Loss,Man City,-1.0,,,,,,,Win,Aston Villa,2.0,,Draw,Luton Town,0.0,,,,,,8,2024,1,Jan,<=21,Other,Minor (<=14d),Squad player,-2.0,0.0,2,-1.0,0.0,1,1.0,2.0,2,5.8,,,-1.0,0.0,0,0,1,
114,Tino Livramento,Newcastle,Right Back,21,2023/24,74,Ankle Injury,2024-03-11,2024-04-12,Win,Wolves,3.0,,Loss,Chelsea,-1.0,5.9,Win,West Ham,1.0,6.0,Draw,Everton,0.0,Win,Fulham,1.0,,,,Win,Tottenham,4.0,,Win,Sheffield,4.0,7.1,Win,Burnley,3.0,6.5,32,2024,3,Mar,<=21,Ankle,Moderate (15-45d),Squad player,1.0,2.0,3,0.5,2.0,2,3.6666666666666665,3.0,3,5.95,6.8,0.8499999999999996,0.5,0.0,1,1,0,Improved
115,Tino Livramento,Newcastle,Right Back,21,2023/24,74,Ankle Injury,2024-05-14,2024-05-27,Win,Sheffield,4.0,7.1,Win,Burnley,3.0,6.5,Draw,Brighton,0.0,6.9,Loss,Man United,-1.0,Win,Brentford,2.0,,,,,,,,,,,,,,,,13,2024,5,May,<=21,Ankle,Minor (<=14d),Squad player,2.3333333333333335,2.3333333333333335,3,0.5,1.5,2,,,0,6.833333333333333,,,1.8333333333333335,0.8333333333333335,1,0,1,
116,Harvey Barnes,Newcastle,Left Winger,26,2023/24,80,Foot Injury,2023-09-24,2024-02-01,Loss,Brighton,-2.0,,Win,Brentford,1.0,6.3,Win,Sheffield,8.0,6.0,Win,Burnley,2.0,Draw,West Ham,0.0,Win,Crystal Palace,4.0,Draw,Luton Town,0.0,,Win,Nottm Forest,1.0,,Draw,Bournemouth,0.0,6.4,130,2023,9,Sep,26-29,Foot,Severe (>90d),Squad player,2.3333333333333335,2.0,3,2.0,2.3333333333333335,3,0.3333333333333333,1.6666666666666667,3,6.15,6.4,0.25,0.3333333333333335,-0.3333333333333335,2,1,0,Improved
117,Harvey Barnes,Newcastle,Left Winger,26,2023/24,80,Hamstring Injury,2024-03-02,2024-03-30,Draw,Bournemouth,0.0,6.4,Loss,Arsenal,-3.0,,Win,Wolves,3.0,,Loss,Chelsea,-1.0,,,,,,,Win,West Ham,1.0,,Draw,Everton,0.0,7.9,Win,Fulham,1.0,,28,2024,3,Mar,26-29,Hamstring,Moderate (15-45d),Squad player,0.0,1.3333333333333333,3,-1.0,0.0,1,0.6666666666666666,2.3333333333333335,3,6.4,7.9,1.5,1.0,1.3333333333333333,0,0,1,Improved
118,Fabian Schär,Newcastle,Center Back,32,2023/24,82,Concussion,2023-02-27,2023-03-05,Draw,West Ham,0.0,6.7,Draw,Bournemouth,0.0,5.6,Loss,Liverpool,-2.0,5.5,Loss,Man City,-2.0,,,,,,,Win,Wolves,1.0,6.6,Win,Nottm Forest,1.0,6.4,Win,Man United,2.0,6.9,6,2023,2,Feb,30-33,Head,Minor (<=14d),Star (top 25%),-0.6666666666666666,0.6666666666666666,3,-2.0,0.0,1,1.3333333333333333,3.0,3,5.933333333333334,6.633333333333333,0.6999999999999993,1.3333333333333335,0.6666666666666666,0,0,1,Improved
119,Nick Pope,Newcastle,Goalkeeper,32,2023/24,84,Shoulder Injury,2023-12-02,2024-05-02,Loss,Bournemouth,-2.0,8.1,Win,Chelsea,3.0,6.3,Win,Man United,1.0,6.3,Loss,Everton,-3.0,Loss,Tottenham,-3.0,Win,Fulham,3.0,Win,Brentford,2.0,6.1,,,,,,,,,152,2023,12,Dec,30-33,Shoulder / Arm,Severe (>90d),Star (top 25%),0.6666666666666666,2.0,3,-1.0,1.0,3,2.0,3.0,1,6.8999999999999995,6.1,-0.7999999999999998,1.6666666666666665,1.0,1,0,2,Declined
120,Bernd Leno,Arsenal,Goalkeeper,28,2019/20,83,Ligament Stretching,2020-06-21,2020-08-27,Win,West Ham,1.0,8.5,Loss,Man City,-3.0,7.5,Loss,Brighton,-1.0,6.5,Win,Southampton,2.0,Win,Norwich City,4.0,Win,Wolves,2.0,,,,,,,,,,,,,67,2020,6,Jun,26-29,Ligament / Fracture,Major (46-90d),Star (top 25%),-1.0,1.0,3,2.6666666666666665,3.0,3,,,0,7.5,,,-3.6666666666666665,-2.0,3,0,0,
121,Sead Kolasinac,Arsenal,Center Back,27,2019/20,80,Hamstring Injury,2019-11-17,2019-11-30,Draw,Crystal Palace,0.0,,Draw,Wolves,0.0,,Loss,Leicester,-2.0,6.8,Draw,Southampton,0.0,,,,,,,Draw,Norwich City,0.0,6.1,Loss,Brighton,-1.0,6.2,Win,West Ham,2.0,7.2,13,2019,11,Nov,26-29,Hamstring,Minor (<=14d),Squad player,-0.6666666666666666,0.6666666666666666,3,0.0,1.0,1,0.3333333333333333,1.3333333333333333,3,6.8,6.5,-0.2999999999999998,-0.6666666666666666,-0.33333333333333337,0,1,0,Declined
122,Sead Kolasinac,Arsenal,Center Back,27,2019/20,80,Arm Injury,2020-02-24,2020-06-15,Win,Everton,1.0,5.7,,,,,,,,,Win,West Ham,1.0,,,,,,,Loss,Brighton,-1.0,6.6,Win,Southampton,2.0,6.5,Win,Norwich City,4.0,7.0,112,2020,2,Feb,26-29,Shoulder / Arm,Severe (>90d),Squad player,1.0,3.0,1,1.0,3.0,1,1.6666666666666667,2.0,3,5.7,6.7,1.0,0.0,0.0,1,0,0,Improved
123,Sead Kolasinac,Arsenal,Center Back,27,2019/20,80,Muscle Strain,2020-01-15,2020-02-15,Win,Man United,2.0,5.9,Draw,Crystal Palace,0.0,6.7,,,,,Draw,Sheffield,0.0,Draw,Chelsea,0.0,Draw,Burnley,0.0,Win,Everton,1.0,5.7,,,,,,,,,31,2020,1,Jan,26-29,Thigh / Muscle,Moderate (15-45d),Squad player,1.0,2.0,2,0.0,1.0,3,1.0,3.0,1,6.300000000000001,5.7,-0.6000000000000005,1.0,1.0,0,3,0,Declined
124,Sead Kolasinac,Arsenal,Center Back,27,2019/20,90,Ankle Injury,2019-12-16,2019-12-30,Loss,Brighton,-1.0,6.2,Win,West Ham,2.0,7.2,Loss,Man City,-3.0,5.4,Draw,Everton,0.0,Draw,Bournemouth,0.0,Loss,Chelsea,-1.0,Win,Man United,2.0,5.9,Draw,Crystal Palace,0.0,6.7,,,,,14,2019,12,Dec,26-29,Ankle,Minor (<=14d),Star (top 25%),-0.6666666666666666,1.0,3,-0.3333333333333333,0.6666666666666666,3,1.0,2.0,2,6.266666666666667,6.300000000000001,0.0333333333333341,-0.3333333333333333,0.33333333333333337,0,2,1,Stable
125,Sokratis Papastathopoulos,Arsenal,Center Back,32,2019/20,83,Concussion,2019-12-27,2019-12-30,Win,West Ham,2.0,6.6,Loss,Man City,-3.0,5.7,Draw,Bournemouth,0.0,6.8,Loss,Chelsea,-1.0,,,,,,,Win,Man United,2.0,7.6,Draw,Crystal Palace,0.0,6.5,,,,,3,2019,12,Dec,30-33,Head,Minor (<=14d),Star (top 25%),-0.3333333333333333,1.3333333333333333,3,-1.0,0.0,1,1.0,2.0,2,6.366666666666667,7.05,0.6833333333333327,0.6666666666666667,1.3333333333333333,0,0,1,Improved
126,Calum Chambers,Arsenal,Center Back,25,2019/20,75,Cruciate Ligament Tear,2019-12-29,2020-11-08,Loss,Man City,-3.0,5.1,Draw,Everton,0.0,8.7,Loss,Chelsea,-1.0,7.4,Win,Man United,2.0,Draw,Crystal Palace,0.0,Draw,Sheffield,0.0,,,,,,,,,,,,,315,2019,12,Dec,22-25,Knee,Severe (>90d),Squad player,-1.3333333333333333,0.3333333333333333,3,0.6666666666666666,1.6666666666666667,3,,,0,7.066666666666666,,,-2.0,-1.3333333333333335,1,2,0,
127,Shkodran Mustafi,Arsenal,Center Back,28,2019/20,81,Muscle Strain,2020-02-29,2020-03-15,Draw,Burnley,0.0,7.4,Win,Newcastle,4.0,7.4,Win,Everton,1.0,6.8,Win,West Ham,1.0,,,,,,,Loss,Man City,-3.0,5.4,Loss,Brighton,-1.0,6.4,Win,Southampton,2.0,6.1,15,2020,2,Feb,26-29,Thigh / Muscle,Moderate (15-45d),Star (top 25%),1.6666666666666667,2.3333333333333335,3,1.0,3.0,1,-0.6666666666666666,1.0,3,7.2,5.966666666666666,-1.2333333333333343,0.6666666666666667,-0.6666666666666665,1,0,0,Declined
128,Kieran Tierney,Arsenal,Left Back,23,2019/20,75,Shoulder Injury,2019-12-09,2020-03-14,Draw,Southampton,0.0,6.1,Loss,Brighton,-1.0,5.6,Win,West Ham,2.0,6.3,Loss,Man City,-2.0,Draw,Everton,0.0,Draw,Bournemouth,0.0,Loss,Man City,-3.0,5.9,,,,,Win,Southampton,2.0,6.6,96,2019,12,Dec,22-25,Shoulder / Arm,Severe (>90d),Squad player,0.3333333333333333,1.3333333333333333,3,-0.6666666666666666,0.6666666666666666,3,-0.5,1.5,2,6.0,6.25,0.25,1.0,0.6666666666666666,0,2,1,Improved
129,Kieran Tierney,Arsenal,Left Back,23,2019/20,75,Groin Injury,2020-09-13,2020-09-27,Win,Fulham,3.0,7.1,,,,,,,,,Win,West Ham,1.0,,,,,,,Loss,Liverpool,-2.0,6.1,Win,Sheffield,1.0,7.1,Loss,Man City,-1.0,6.3,14,2020,9,Sep,22-25,Groin / Hip,Minor (<=14d),Squad player,3.0,3.0,1,1.0,3.0,1,-0.6666666666666666,1.0,3,7.1,6.5,-0.5999999999999996,2.0,0.0,1,0,0,Declined
130,Kieran Tierney,Arsenal,Left Back,23,2019/20,75,Knee Injury,2021-01-19,2021-02-16,Win,Brighton,1.0,6.3,Win,West Brom,4.0,9.2,Win,Newcastle,2.0,8.0,Win,Southampton,2.0,Draw,Man United,0.0,Loss,Wolves,-1.0,Loss,Man City,-1.0,6.6,Win,Leicester,2.0,6.4,Draw,Burnley,0.0,6.5,28,2021,1,Jan,22-25,Knee,Moderate (15-45d),Squad player,2.3333333333333335,3.0,3,0.3333333333333333,1.3333333333333333,3,0.3333333333333333,1.3333333333333333,3,7.833333333333333,6.5,-1.333333333333333,2.0,1.6666666666666667,1,1,1,Declined
131,Kieran Tierney,Arsenal,Left Back,23,2019/20,75,Knee Injury,2021-04-03,2021-05-05,Win,Tottenham,1.0,7.1,Draw,West Ham,0.0,6.1,Loss,Liverpool,-3.0,6.9,Win,Sheffield,3.0,Draw,Fulham,0.0,Loss,Everton,-1.0,Win,West Brom,2.0,,Win,Chelsea,1.0,6.0,Win,Crystal Palace,2.0,6.8,32,2021,4,Apr,22-25,Knee,Moderate (15-45d),Squad player,-0.6666666666666666,1.3333333333333333,3,0.6666666666666666,1.3333333333333333,3,1.6666666666666667,3.0,3,6.7,6.4,-0.2999999999999998,-1.3333333333333333,0.0,1,1,1,Declined
132,Héctor Bellerín,Arsenal,Right Back,25,2019/20,81,Hamstring Injury,2019-12-06,2020-01-14,Loss,Leicester,-2.0,6.0,Draw,Southampton,0.0,6.3,Loss,Brighton,-1.0,5.9,Win,West Ham,2.0,Loss,Man City,-3.0,Draw,Everton,0.0,Draw,Chelsea,0.0,7.3,Draw,Burnley,0.0,7.0,Win,Newcastle,4.0,6.8,39,2019,12,Dec,22-25,Hamstring,Moderate (15-45d),Star (top 25%),-1.0,0.3333333333333333,3,-0.3333333333333333,1.3333333333333333,3,1.3333333333333333,1.6666666666666667,3,6.066666666666667,7.033333333333334,0.9666666666666668,-0.6666666666666667,-1.0,1,1,1,Improved
133,Cédric Soares,Arsenal,Right Back,28,2019/20,77,Broken Nose And Knee Injury,2020-01-21,2020-06-26,,,,,,,,,,,,,Draw,Burnley,0.0,Win,Newcastle,4.0,Win,Everton,1.0,Win,Norwich City,4.0,,Win,Wolves,2.0,6.1,,,,,157,2020,1,Jan,26-29,Knee,Severe (>90d),Squad player,,,0,1.6666666666666667,2.3333333333333335,3,3.0,3.0,2,,6.1,,,,2,1,0,
134,Lucas Torreira,Arsenal,Defensive Midfielder,24,2019/20,83,Ankle Injury,2020-03-03,2020-07-03,Draw,Burnley,0.0,6.2,,,,,,,,,Win,West Ham,1.0,Loss,Man City,-3.0,Loss,Brighton,-1.0,Win,Wolves,2.0,,,,,,Win,Liverpool,1.0,6.0,122,2020,3,Mar,22-25,Ankle,Severe (>90d),Star (top 25%),0.0,1.0,1,-1.0,1.0,3,1.5,3.0,2,6.2,6.0,-0.20000000000000018,1.0,0.0,1,0,2,Declined
135,Granit Xhaka,Arsenal,Defensive Midfielder,27,2019/20,83,Back Injury,2019-08-12,2019-08-23,Win,Newcastle,1.0,7.1,,,,,,,,,Win,Burnley,1.0,,,,,,,Loss,Liverpool,-2.0,7.0,Draw,Tottenham,0.0,6.2,Draw,Watford,0.0,6.9,11,2019,8,Aug,26-29,Back,Minor (<=14d),Star (top 25%),1.0,3.0,1,1.0,3.0,1,-0.6666666666666666,0.6666666666666666,3,7.1,6.7,-0.39999999999999947,0.0,0.0,1,0,0,Declined
136,Granit Xhaka,Arsenal,Defensive Midfielder,27,2019/20,83,Concussion,2019-12-09,2019-12-17,Draw,Norwich City,0.0,6.9,Loss,Brighton,-1.0,6.1,Win,West Ham,2.0,6.3,Loss,Man City,-3.0,,,,,,,Draw,Everton,0.0,6.9,Draw,Bournemouth,0.0,7.3,Win,Man United,2.0,7.1,8,2019,12,Dec,26-29,Head,Minor (<=14d),Star (top 25%),0.3333333333333333,1.3333333333333333,3,-3.0,0.0,1,0.6666666666666666,1.6666666666666667,3,6.433333333333334,7.099999999999999,0.6666666666666652,3.3333333333333335,1.3333333333333333,0,0,1,Improved
137,Granit Xhaka,Arsenal,Defensive Midfielder,27,2019/20,83,Ankle Injury,2020-06-18,2020-06-24,Win,Everton,1.0,7.0,Win,West Ham,1.0,6.7,Loss,Man City,-3.0,6.0,Loss,Brighton,-1.0,,,,,,,Win,Southampton,2.0,6.2,Win,Norwich City,4.0,7.5,Win,Wolves,2.0,6.9,6,2020,6,Jun,26-29,Ankle,Minor (<=14d),Star (top 25%),-0.3333333333333333,2.0,3,-1.0,0.0,1,2.6666666666666665,3.0,3,6.566666666666666,6.866666666666667,0.3000000000000007,0.6666666666666667,2.0,0,0,1,Improved
138,Mattéo Guendouzi,Arsenal,Central Midfielder,21,2019/20,74,Fitness,2020-06-25,2020-10-07,,,,,Loss,Man City,-3.0,6.2,Loss,Brighton,-1.0,6.4,Win,Southampton,2.0,Win,Norwich City,4.0,Win,Wolves,2.0,,,,,,,,,,,,,104,2020,6,Jun,<=21,Other,Severe (>90d),Squad player,-2.0,0.0,2,2.6666666666666665,3.0,3,,,0,6.300000000000001,,,-4.666666666666666,-3.0,3,0,0,
139,Dani Ceballos,Arsenal,Central Midfielder,23,2019/20,80,Torn Muscle Bundle,2019-11-07,2019-12-31,Loss,Sheffield,-1.0,6.5,Draw,Crystal Palace,0.0,6.4,Draw,Wolves,0.0,6.9,Loss,Leicester,-2.0,Draw,Southampton,0.0,Draw,Norwich City,0.0,,,,,,,,,,,,,54,2019,11,Nov,22-25,Thigh / Muscle,Major (46-90d),Squad player,-0.3333333333333333,0.6666666666666666,3,-0.6666666666666666,0.6666666666666666,3,,,0,6.6000000000000005,,,0.3333333333333333,0.0,0,2,1,
140,Mesut Özil,Arsenal,Attacking Midfielder,31,2019/20,85,Ankle Injury,2019-12-16,2019-12-26,Loss,Brighton,-2.0,6.8,Win,West Ham,2.0,6.7,Loss,Man City,-3.0,5.9,Draw,Everton,0.0,,,,,,,Draw,Bournemouth,0.0,6.3,Loss,Chelsea,-1.0,5.9,Win,Man United,2.0,6.0,10,2019,12,Dec,30-33,Ankle,Minor (<=14d),Star (top 25%),-1.0,1.0,3,0.0,1.0,1,0.3333333333333333,1.3333333333333333,3,6.466666666666666,6.066666666666666,-0.39999999999999947,-1.0,0.0,0,1,0,Declined
141,Gabriel Martinelli,Arsenal,Left Winger,19,2019/20,72,Hamstring Injury,2019-12-23,2020-01-06,Win,West Ham,2.0,7.2,Loss,Man City,-3.0,6.7,Draw,Everton,0.0,5.8,Draw,Bournemouth,0.0,Loss,Chelsea,-1.0,Win,Man United,2.0,Draw,Crystal Palace,0.0,5.7,Draw,Sheffield,0.0,6.4,Draw,Chelsea,0.0,6.9,14,2019,12,Dec,<=21,Hamstring,Minor (<=14d),Squad player,-0.3333333333333333,1.3333333333333333,3,0.3333333333333333,1.3333333333333333,3,0.0,1.0,3,6.566666666666666,6.333333333333333,-0.2333333333333334,-0.6666666666666666,0.0,1,1,1,Declined
142,Nicolas Pépé,Arsenal,Right Winger,25,2019/20,81,Muscle Fatigue,2020-07-02,2020-07-06,Loss,Brighton,-1.0,7.1,Win,Southampton,2.0,5.8,,,,,Win,Wolves,2.0,,,,,,,Loss,Tottenham,-1.0,6.6,Win,Liverpool,1.0,5.1,Loss,Aston Villa,-1.0,6.3,4,2020,7,Jul,22-25,Thigh / Muscle,Minor (<=14d),Star (top 25%),0.5,1.5,2,2.0,3.0,1,-0.3333333333333333,1.0,3,6.449999999999999,6.0,-0.4499999999999993,-1.5,-1.5,1,0,0,Declined
143,Reiss Nelson,Arsenal,Right Winger,20,2019/20,73,Hamstring Injury,2020-01-09,2020-02-24,Loss,Chelsea,-1.0,5.7,Win,Man United,2.0,5.8,Draw,Crystal Palace,0.0,,Draw,Sheffield,0.0,Draw,Chelsea,0.0,Draw,Burnley,0.0,Win,West Ham,1.0,6.1,Loss,Man City,-3.0,5.9,,,,,46,2020,1,Jan,<=21,Hamstring,Major (46-90d),Squad player,0.3333333333333333,1.3333333333333333,3,0.0,1.0,3,-1.0,1.5,2,5.75,6.0,0.25,0.3333333333333333,0.33333333333333326,0,3,0,Improved
144,Alexandre Lacazette,Arsenal,Center Forward,29,2019/20,85,Ankle Injury,2019-09-02,2019-10-20,Win,Burnley,1.0,7.1,,,,,Draw,Tottenham,0.0,7.8,Draw,Watford,0.0,Win,Aston Villa,1.0,Draw,Man United,0.0,Loss,Sheffield,-1.0,5.7,Draw,Crystal Palace,0.0,6.7,Draw,Wolves,0.0,7.1,48,2019,9,Sep,26-29,Ankle,Major (46-90d),Star (top 25%),0.5,2.0,2,0.3333333333333333,1.6666666666666667,3,-0.3333333333333333,0.6666666666666666,3,7.449999999999999,6.5,-0.9499999999999993,0.16666666666666669,0.33333333333333326,1,2,0,Declined
145,Shkodran Mustafi,Arsenal,Center Back,29,2020/21,80,Muscle Injury,2020-07-19,2020-10-24,Win,Wolves,2.0,6.3,Draw,Leicester,0.0,6.6,Loss,Tottenham,-1.0,6.9,Loss,Aston Villa,-1.0,Win,Watford,1.0,Win,Fulham,3.0,Loss,Leicester,-1.0,7.0,,,,,,,,,97,2020,7,Jul,26-29,Thigh / Muscle,Severe (>90d),Squad player,0.3333333333333333,1.3333333333333333,3,1.0,2.0,3,-1.0,0.0,1,6.599999999999999,7.0,0.40000000000000124,-0.6666666666666667,-0.6666666666666667,2,0,1,Improved
146,David Luiz,Arsenal,Center Back,33,2020/21,82,Hamstring Injury,2020-10-26,2020-11-03,Win,Sheffield,1.0,6.7,Loss,Man City,-1.0,6.6,Loss,Leicester,-1.0,6.8,Win,Man United,1.0,,,,,,,Loss,Wolves,-1.0,5.3,,,,,,,,,8,2020,10,Oct,30-33,Hamstring,Minor (<=14d),Star (top 25%),-0.3333333333333333,1.0,3,1.0,3.0,1,-1.0,0.0,1,6.7,5.3,-1.4000000000000004,-1.3333333333333333,-2.0,1,0,0,Declined
147,David Luiz,Arsenal,Center Back,33,2020/21,82,Neck Injury,2020-09-11,2020-09-18,,,,,,,,,,,,,Win,Fulham,3.0,,,,,,,,,,,Loss,Liverpool,-2.0,5.2,Win,Sheffield,1.0,6.7,7,2020,9,Sep,30-33,Other,Minor (<=14d),Star (top 25%),,,0,3.0,3.0,1,-0.5,1.5,2,,5.95,,,,1,0,0,
148,David Luiz,Arsenal,Center Back,33,2020/21,82,Ill,2020-12-25,2021-01-01,Draw,Southampton,0.0,6.2,Loss,Everton,-1.0,6.5,,,,,Win,Chelsea,2.0,Win,Brighton,1.0,,,,Draw,Crystal Palace,0.0,6.5,Win,Newcastle,3.0,7.0,Win,Southampton,2.0,7.0,7,2020,12,Dec,30-33,Other,Minor (<=14d),Star (top 25%),-0.5,0.5,2,1.5,3.0,2,1.6666666666666667,2.3333333333333335,3,6.35,6.833333333333333,0.4833333333333334,-2.0,-2.5,2,0,0,Improved
149,David Luiz,Arsenal,Center Back,33,2020/21,82,Head Injury,2020-12-25,2021-01-01,Loss,Wolves,-1.0,5.3,,,,,,,,,Loss,Tottenham,-2.0,Loss,Burnley,-1.0,,,,Draw,Southampton,0.0,6.2,Loss,Everton,-1.0,6.5,,,,,7,2020,12,Dec,30-33,Head,Minor (<=14d),Star (top 25%),-1.0,0.0,1,-1.5,0.0,2,-0.5,0.5,2,5.3,6.35,1.0499999999999998,0.5,0.0,0,0,2,Improved
150,Rob Holding,Arsenal,Center Back,25,2020/21,74,Hamstring Injury,2020-10-16,2020-12-15,Win,Fulham,3.0,7.3,Win,West Ham,1.0,7.0,Loss,Liverpool,-2.0,5.7,Loss,Man City,-1.0,Loss,Leicester,-1.0,,,,Win,Man United,1.0,6.9,Loss,Aston Villa,-3.0,6.4,Draw,Leeds,0.0,6.4,60,2020,10,Oct,22-25,Hamstring,Major (46-90d),Squad player,0.6666666666666666,2.0,3,-1.0,0.0,2,-0.6666666666666666,1.3333333333333333,3,6.666666666666667,6.566666666666667,-0.09999999999999964,1.6666666666666665,2.0,0,0,2,Stable
151,Pablo Marí,Arsenal,Center Back,27,2020/21,75,Ankle Injury,2020-06-15,2020-12-03,Win,West Ham,1.0,7.1,Loss,Man City,-3.0,5.8,,,,,Loss,Brighton,-1.0,Win,Southampton,2.0,Win,Norwich City,4.0,,,,,,,,,,,,,171,2020,6,Jun,26-29,Ankle,Severe (>90d),Squad player,-1.0,1.5,2,1.6666666666666667,2.0,3,,,0,6.449999999999999,,,-2.666666666666667,-0.5,2,0,1,
152,Pablo Marí,Arsenal,Center Back,27,2020/21,75,Calf Injury,2021-01-14,2021-02-08,Win,Chelsea,2.0,5.6,Win,Brighton,1.0,7.0,Win,West Brom,4.0,7.4,Draw,Crystal Palace,0.0,Win,Newcastle,3.0,Win,Southampton,2.0,Loss,Man City,-1.0,6.1,Win,Leicester,2.0,6.1,Draw,Burnley,0.0,6.8,25,2021,1,Jan,26-29,Calf / Achilles,Moderate (15-45d),Squad player,2.3333333333333335,3.0,3,1.6666666666666667,2.3333333333333335,3,0.3333333333333333,1.3333333333333333,3,6.666666666666667,6.333333333333333,-0.3333333333333339,0.6666666666666667,0.6666666666666665,2,1,0,Declined
153,Granit Xhaka,Arsenal,Defensive Midfielder,28,2020/21,83,Ill,2021-04-01,2021-04-04,Draw,Burnley,0.0,5.9,Win,Tottenham,1.0,7.5,Draw,West Ham,0.0,6.7,Loss,Liverpool,-3.0,,,,,,,Win,Sheffield,3.0,6.8,Loss,Fulham,0.0,7.6,Loss,Everton,-1.0,7.3,3,2021,4,Apr,26-29,Other,Minor (<=14d),Star (top 25%),0.3333333333333333,1.6666666666666667,3,-3.0,0.0,1,0.6666666666666666,1.0,3,6.7,7.233333333333333,0.5333333333333332,3.3333333333333335,1.6666666666666667,0,0,1,Improved
154,Granit Xhaka,Arsenal,Defensive Midfielder,28,2020/21,83,Groin Injury,2021-05-06,2021-05-16,Draw,Fulham,0.0,7.6,Loss,Everton,-1.0,7.3,Win,Newcastle,2.0,7.8,Win,West Brom,2.0,Win,Chelsea,1.0,,,,Win,Crystal Palace,2.0,,Win,Brighton,2.0,7.6,,,,,10,2021,5,May,26-29,Groin / Hip,Minor (<=14d),Star (top 25%),0.3333333333333333,1.3333333333333333,3,1.5,3.0,2,2.0,3.0,2,7.566666666666666,7.6,0.033333333333333215,-1.1666666666666667,-1.6666666666666667,2,0,0,Stable
155,Dani Ceballos,Arsenal,Central Midfielder,24,2020/21,80,Calf Injury,2021-01-15,2021-02-01,Win,Brighton,1.0,,Win,West Brom,4.0,8.4,Draw,Crystal Palace,0.0,7.2,Win,Newcastle,3.0,Win,Southampton,2.0,Draw,Man United,0.0,Win,Leeds,2.0,6.9,,,,,,,,,17,2021,1,Jan,22-25,Calf / Achilles,Moderate (15-45d),Squad player,1.6666666666666667,2.3333333333333335,3,1.6666666666666667,2.3333333333333335,3,2.0,3.0,1,7.800000000000001,6.9,-0.9000000000000004,0.0,0.0,2,1,0,Declined
156,Gabriel Martinelli,Arsenal,Left Winger,20,2020/21,72,Ankle Injury,2021-01-09,2021-01-17,Loss,Everton,-1.0,,Win,Chelsea,2.0,5.7,Win,Brighton,1.0,5.5,Draw,Crystal Palace,0.0,,,,,,,Win,Newcastle,3.0,,Draw,Man United,0.0,6.1,,,,,8,2021,1,Jan,<=21,Ankle,Minor (<=14d),Squad player,0.6666666666666666,2.0,3,0.0,1.0,1,1.5,2.0,2,5.6,6.1,0.5,0.6666666666666666,1.0,0,1,0,Improved
157,Bukayo Saka,Arsenal,Right Winger,19,2020/21,72,Hip Problems,2021-01-28,2021-01-31,Loss,Crystal Palace,0.0,7.0,Win,Newcastle,3.0,8.3,Win,Southampton,2.0,7.9,Draw,Man United,0.0,,,,,,,Loss,Wolves,-1.0,6.5,Loss,Aston Villa,-1.0,7.5,Win,Leeds,2.0,6.5,3,2021,1,Jan,<=21,Groin / Hip,Minor (<=14d),Squad player,1.6666666666666667,2.0,3,0.0,1.0,1,0.0,1.0,3,7.733333333333334,6.833333333333333,-0.9000000000000012,1.6666666666666667,1.0,0,1,0,Declined
158,Pierre-Emerick Aubameyang,Arsenal,Center Forward,32,2020/21,87,Calf Injury,2020-12-17,2020-12-28,Loss,Tottenham,-2.0,5.4,Loss,Burnley,-1.0,6.1,Draw,Southampton,0.0,6.9,Loss,Everton,-1.0,,,,,,,Win,Brighton,1.0,6.2,Win,West Brom,4.0,6.3,Draw,Crystal Palace,0.0,6.7,11,2020,12,Dec,30-33,Calf / Achilles,Minor (<=14d),Star (top 25%),-1.0,0.3333333333333333,3,-1.0,0.0,1,1.6666666666666667,2.3333333333333335,3,6.133333333333333,6.3999999999999995,0.2666666666666666,0.0,0.3333333333333333,0,0,1,Improved
159,Pierre-Emerick Aubameyang,Arsenal,Center Forward,32,2020/21,87,Knock,2021-01-18,2021-02-01,Win,West Brom,4.0,6.3,Draw,Crystal Palace,0.0,6.7,Win,Newcastle,3.0,8.0,Win,Southampton,2.0,Draw,Man United,0.0,,,,Loss,Wolves,-1.0,,Loss,Aston Villa,-1.0,,Win,Leeds,2.0,9.0,14,2021,1,Jan,30-33,Other,Minor (<=14d),Star (top 25%),2.3333333333333335,2.3333333333333335,3,1.0,2.0,2,0.0,1.0,3,7.0,9.0,2.0,1.3333333333333335,0.3333333333333335,1,1,0,Improved
160,Pierre-Emerick Aubameyang,Arsenal,Center Forward,32,2020/21,87,Malaria,2021-04-08,2021-04-26,Draw,Burnley,0.0,6.8,Draw,West Ham,0.0,6.0,Draw,Liverpool,-3.0,5.9,Win,Sheffield,3.0,Draw,Fulham,0.0,Loss,Everton,-1.0,Win,Newcastle,2.0,7.0,Win,Chelsea,1.0,6.5,Win,Crystal Palace,2.0,5.7,18,2021,4,Apr,30-33,Other,Moderate (15-45d),Star (top 25%),-1.0,1.0,3,0.6666666666666666,1.3333333333333333,3,1.6666666666666667,3.0,3,6.233333333333334,6.3999999999999995,0.1666666666666652,-1.6666666666666665,-0.33333333333333326,1,1,1,Stable
161,Alexandre Lacazette,Arsenal,Center Forward,29,2020/21,84,Dead Leg,2021-04-18,2021-05-06,Loss,Liverpool,-3.0,5.7,Win,Sheffield,3.0,8.8,Loss,Fulham,0.0,6.2,Loss,Everton,-1.0,Win,Newcastle,2.0,,,,Win,West Brom,2.0,,Win,Chelsea,1.0,,Win,Brighton,2.0,,18,2021,4,Apr,26-29,Other,Moderate (15-45d),Star (top 25%),0.0,1.0,3,0.5,1.5,2,1.6666666666666667,3.0,3,6.8999999999999995,,,-0.5,-0.5,1,0,1,
162,Gabriel Magalhães,Arsenal,Center Back,23,2020/21,80,Coronavirus,2020-12-26,2021-01-13,Loss,Tottenham,-2.0,7.0,Loss,Burnley,-1.0,6.3,Draw,Southampton,0.0,6.2,Loss,Chelsea,-1.0,Win,Brighton,2.0,Win,West Brom,1.0,Loss,Wolves,-1.0,,,,,,,,,,18,2020,12,Dec,22-25,Illness,Moderate (15-45d),Squad player,-1.0,0.3333333333333333,3,0.6666666666666666,2.0,3,-1.0,0.0,1,6.5,,,-1.6666666666666665,-1.6666666666666667,2,0,1,
163,Thomas Partey,Arsenal,Defensive Midfielder,28,2020/21,84,Muscle Injury,2020-11-09,2020-12-03,Loss,Leicester,-1.0,6.4,Win,Man United,1.0,8.1,Loss,Aston Villa,-3.0,6.3,Draw,Leeds,0.0,Loss,Wolves,-1.0,,,,Loss,Tottenham,-2.0,6.3,,,,,,,,,24,2020,11,Nov,26-29,Thigh / Muscle,Moderate (15-45d),Star (top 25%),-1.0,1.0,3,-0.5,0.5,2,-2.0,0.0,1,6.933333333333334,6.3,-0.6333333333333337,-0.5,0.5,0,1,1,Declined
164,Thomas Partey,Arsenal,Defensive Midfielder,28,2020/21,84,Hip Injury,2020-12-03,2021-01-11,Loss,Tottenham,-2.0,6.3,,,,,,,,,Loss,Burnley,-1.0,Draw,Southampton,0.0,Loss,Everton,-1.0,Draw,Crystal Palace,0.0,,Win,Newcastle,3.0,7.3,Win,Southampton,2.0,,39,2020,12,Dec,26-29,Groin / Hip,Moderate (15-45d),Star (top 25%),-2.0,0.0,1,-0.6666666666666666,0.3333333333333333,3,1.6666666666666667,2.3333333333333335,3,6.3,7.3,1.0,-1.3333333333333335,-0.3333333333333333,0,1,2,Improved
165,Thomas Partey,Arsenal,Defensive Midfielder,28,2020/21,84,Hamstring Injury,2021-02-04,2021-02-22,Draw,Man United,0.0,6.5,Loss,Wolves,-1.0,6.7,Loss,Aston Villa,-1.0,6.3,Win,Leeds,2.0,Loss,Man City,-1.0,,,,Win,Leicester,2.0,,Draw,Burnley,0.0,6.4,Win,Tottenham,1.0,6.7,18,2021,2,Feb,26-29,Hamstring,Moderate (15-45d),Star (top 25%),-0.6666666666666666,0.3333333333333333,3,0.5,1.5,2,1.0,2.3333333333333335,3,6.5,6.550000000000001,0.05000000000000071,-1.1666666666666665,-1.1666666666666667,1,0,1,Stable
166,Mohamed Elneny,Arsenal,Defensive Midfielder,28,2020/21,76,Virus,2020-11-16,2020-11-28,Win,Man United,1.0,6.9,Loss,Aston Villa,-3.0,6.3,,,,,Draw,Leeds,0.0,,,,,,,Loss,Burnley,-1.0,6.5,Draw,Southampton,0.0,6.3,Loss,Everton,-1.0,6.2,12,2020,11,Nov,26-29,Illness,Minor (<=14d),Squad player,-1.0,1.5,2,0.0,1.0,1,-0.6666666666666666,0.3333333333333333,3,6.6,6.333333333333333,-0.2666666666666666,-1.0,0.5,0,1,0,Declined
167,Martin Ødegaard,Arsenal,Attacking Midfielder,22,2020/21,75,Ankle Injury,2021-04-05,2021-04-20,Win,Tottenham,1.0,7.7,Draw,West Ham,0.0,7.8,Loss,Liverpool,-3.0,5.8,Win,Sheffield,3.0,Draw,Fulham,0.0,,,,Loss,Everton,-1.0,,Win,Newcastle,2.0,6.4,Win,Chelsea,1.0,6.3,15,2021,4,Apr,22-25,Ankle,Moderate (15-45d),Squad player,-0.6666666666666666,1.3333333333333333,3,1.5,2.0,2,0.6666666666666666,2.0,3,7.1000000000000005,6.35,-0.7500000000000009,-2.1666666666666665,-0.6666666666666667,1,1,0,Declined
168,Willian,Arsenal,Left Winger,32,2020/21,85,Calf Injury,2020-11-23,2020-11-28,Loss,Liverpool,-2.0,5.8,Win,Sheffield,1.0,6.1,Loss,Man City,-1.0,5.8,Loss,Leicester,-1.0,,,,,,,Win,Man United,1.0,6.1,Loss,Aston Villa,-3.0,6.3,Draw,Leeds,0.0,6.1,5,2020,11,Nov,30-33,Calf / Achilles,Minor (<=14d),Star (top 25%),-0.6666666666666666,1.0,3,-1.0,0.0,1,-0.6666666666666666,1.3333333333333333,3,5.8999999999999995,6.166666666666667,0.2666666666666675,0.33333333333333337,1.0,0,0,1,Improved
169,Willian,Arsenal,Left Winger,32,2020/21,85,Ill,2020-12-25,2021-01-01,Loss,Tottenham,-2.0,7.0,Loss,Burnley,-1.0,7.4,Loss,Everton,-1.0,6.3,Win,Chelsea,2.0,Win,Brighton,1.0,,,,Win,West Brom,4.0,,Win,Newcastle,3.0,6.2,Win,Southampton,2.0,6.1,7,2020,12,Dec,30-33,Other,Minor (<=14d),Star (top 25%),-1.3333333333333333,0.0,3,1.5,3.0,2,3.0,3.0,3,6.8999999999999995,6.15,-0.7499999999999991,-2.833333333333333,-3.0,2,0,0,Declined
170,Kieran Tierney,Arsenal,Left Back,25,2021/22,79,Ankle Problems,2021-10-21,2021-11-06,Draw,Tottenham,0.0,6.7,Draw,Brighton,0.0,5.9,Win,Crystal Palace,2.0,6.4,Win,Aston Villa,2.0,Win,Leicester,2.0,,,,,,,,,,,,,,,,16,2021,10,Oct,22-25,Ankle,Moderate (15-45d),Squad player,0.6666666666666666,1.6666666666666667,3,2.0,3.0,2,,,0,6.333333333333333,,,-1.3333333333333335,-1.3333333333333333,2,0,0,
171,Kieran Tierney,Arsenal,Left Back,25,2021/22,79,Knee Surgery,2022-03-31,2022-07-07,Win,Leicester,2.0,6.6,Loss,Liverpool,-2.0,6.0,Win,Aston Villa,1.0,6.7,Loss,Crystal Palace,-3.0,Loss,Brighton,-1.0,Loss,Southampton,-1.0,,,,,,,,,,,,,98,2022,3,Mar,22-25,Knee,Severe (>90d),Squad player,0.3333333333333333,2.0,3,-1.6666666666666667,0.0,3,,,0,6.433333333333334,,,2.0,2.0,0,0,3,
172,Granit Xhaka,Arsenal,Defensive Midfielder,29,2021/22,83,Inner Ligament Injury,2021-09-27,2021-12-05,Win,Tottenham,2.0,7.1,,,,,,,,,Draw,Brighton,0.0,Draw,Crystal Palace,0.0,Win,Aston Villa,2.0,Win,Everton,1.0,6.3,Win,Southampton,3.0,6.3,Win,West Ham,2.0,7.0,69,2021,9,Sep,26-29,Ligament / Fracture,Major (46-90d),Star (top 25%),2.0,3.0,1,0.6666666666666666,1.6666666666666667,3,2.0,3.0,3,7.1,6.533333333333334,-0.5666666666666655,1.3333333333333335,1.3333333333333333,1,2,0,Declined
173,Pierre-Emerick Aubameyang,Arsenal,Center Forward,33,2021/22,87,Coronavirus,2021-08-02,2021-08-16,,,,,,,,,,,,,Loss,Brentford,-2.0,,,,,,,Loss,Chelsea,-2.0,6.0,Loss,Man City,-5.0,5.3,Win,Norwich City,1.0,7.0,14,2021,8,Aug,30-33,Illness,Minor (<=14d),Star (top 25%),,,0,-2.0,0.0,1,-2.0,1.0,3,,6.1000000000000005,,,,0,0,1,
174,Alexandre Lacazette,Arsenal,Center Forward,31,2021/22,84,Coronavirus,2022-04-14,2022-04-19,Win,Aston Villa,1.0,6.2,Loss,Crystal Palace,-3.0,5.7,Loss,Brighton,-1.0,5.4,Loss,Southampton,-1.0,,,,,,,,,,,,,,,,,,,5,2022,4,Apr,30-33,Illness,Minor (<=14d),Star (top 25%),-1.0,1.0,3,-1.0,0.0,1,,,0,5.766666666666667,,,0.0,1.0,0,0,1,
175,Gabriel Magalhães,Arsenal,Center Back,24,2021/22,80,Knee Injury,2021-07-06,2021-08-25,,,,,,,,,,,,,Loss,Brentford,-2.0,Loss,Chelsea,-2.0,,,,Win,Norwich City,1.0,8.0,Win,Burnley,1.0,7.4,Win,Tottenham,2.0,6.0,50,2021,7,Jul,22-25,Knee,Major (46-90d),Squad player,,,0,-2.0,0.0,2,1.3333333333333333,3.0,3,,7.133333333333333,,,,0,0,2,
176,Thomas Partey,Arsenal,Defensive Midfielder,29,2021/22,84,Ankle Injury,2021-07-29,2021-08-30,,,,,,,,,,,,,Loss,Brentford,-2.0,Loss,Chelsea,-2.0,Loss,Man City,-5.0,Win,Norwich City,1.0,7.0,Win,Burnley,1.0,6.5,Win,Tottenham,2.0,6.8,32,2021,7,Jul,26-29,Ankle,Moderate (15-45d),Star (top 25%),,,0,-3.0,0.0,3,1.3333333333333333,3.0,3,,6.766666666666667,,,,0,0,3,
177,Thomas Partey,Arsenal,Defensive Midfielder,29,2021/22,84,Knock,2022-04-04,2022-07-25,Loss,Liverpool,-2.0,7.1,Win,Aston Villa,1.0,7.0,Loss,Crystal Palace,-3.0,5.8,Loss,Brighton,-1.0,Loss,Southampton,-1.0,Win,Chelsea,2.0,,,,,,,,,,,,,112,2022,4,Apr,26-29,Other,Severe (>90d),Star (top 25%),-1.3333333333333333,1.0,3,0.0,1.0,3,,,0,6.633333333333333,,,-1.3333333333333333,0.0,1,0,2,
178,Ben White,Arsenal,Right Back,24,2021/22,76,Hamstring Injury,2022-04-25,2022-05-15,Loss,Southampton,-1.0,6.8,Win,Chelsea,2.0,6.3,Win,Man United,2.0,6.1,Win,West Ham,1.0,Win,Leeds,1.0,,,,Loss,Newcastle,-2.0,5.3,,,,,,,,,20,2022,4,Apr,22-25,Hamstring,Moderate (15-45d),Squad player,1.0,2.0,3,1.0,3.0,2,-2.0,0.0,1,6.3999999999999995,5.3,-1.0999999999999996,0.0,-1.0,2,0,0,Declined
179,Takehiro Tomiyasu,Arsenal,Right Back,23,2021/22,78,Calf Injury,2022-02-20,2022-04-21,Loss,Man City,-1.0,6.4,,,,,,,,,Win,Wolves,1.0,Win,Watford,1.0,Win,Leicester,2.0,,,,,Win,West Ham,1.0,6.2,Win,Leeds,1.0,7.0,60,2022,2,Feb,22-25,Calf / Achilles,Major (46-90d),Squad player,-1.0,0.0,1,1.3333333333333333,3.0,3,1.0,3.0,2,6.4,6.6,0.1999999999999993,-2.333333333333333,-3.0,3,0,0,Stable
180,Gabriel Martinelli,Arsenal,Left Winger,22,2022/23,81,Ankle Injury,2023-05-14,2023-06-01,Win,Chelsea,2.0,,Win,Newcastle,2.0,7.3,Loss,Brighton,-3.0,5.5,Loss,Nottm Forest,-1.0,Win,Wolves,5.0,,,,,,,,,,,,,,,,18,2023,5,May,22-25,Ankle,Moderate (15-45d),Star (top 25%),0.3333333333333333,2.0,3,2.0,1.5,2,,,0,6.4,,,-1.6666666666666667,0.5,1,0,1,
181,Eddie Nketiah,Arsenal,Center Forward,24,2022/23,75,Ankle Injury,2023-03-02,2023-04-13,Win,Aston Villa,2.0,7.0,Win,Leicester,1.0,,Win,Everton,4.0,,Win,Bournemouth,1.0,Win,Fulham,3.0,Win,Crystal Palace,3.0,,,,,Draw,Southampton,0.0,,Loss,Man City,-3.0,6.0,42,2023,3,Mar,22-25,Ankle,Moderate (15-45d),Squad player,2.3333333333333335,3.0,3,2.3333333333333335,3.0,3,-1.5,0.5,2,7.0,6.0,-1.0,0.0,0.0,3,0,0,Declined
182,William Saliba,Arsenal,Center Back,22,2022/23,82,Back Injury,2023-03-16,2023-07-01,Win,Everton,4.0,6.7,Win,Bournemouth,1.0,7.0,Win,Fulham,3.0,7.8,Win,Crystal Palace,3.0,Win,Leeds,3.0,Draw,Liverpool,0.0,,,,,,,,,,,,,107,2023,3,Mar,22-25,Back,Severe (>90d),Star (top 25%),2.6666666666666665,3.0,3,2.0,2.3333333333333335,3,,,0,7.166666666666667,,,0.6666666666666665,0.6666666666666665,2,1,0,
183,Thomas Partey,Arsenal,Defensive Midfielder,30,2022/23,85,Thigh Problems,2022-08-25,2022-09-15,Win,Crystal Palace,2.0,7.6,Win,Leicester,2.0,6.6,Win,Bournemouth,3.0,7.2,Win,Fulham,1.0,Win,Aston Villa,1.0,Loss,Man United,-2.0,Win,Brentford,3.0,7.0,Win,Tottenham,2.0,8.1,Win,Liverpool,1.0,7.0,21,2022,8,Aug,30-33,Thigh / Muscle,Moderate (15-45d),Star (top 25%),2.3333333333333335,3.0,3,0.0,2.0,3,2.0,3.0,3,7.133333333333333,7.366666666666667,0.23333333333333428,2.3333333333333335,1.0,2,0,1,Improved
184,Mohamed Elneny,Arsenal,Defensive Midfielder,30,2022/23,77,Thigh Problems,2022-08-27,2022-11-01,Win,Fulham,1.0,6.7,,,,,,,,,Win,Aston Villa,1.0,Loss,Man United,-2.0,Loss,Brentford,3.0,,,,,,,,,,,,,66,2022,8,Aug,30-33,Thigh / Muscle,Major (46-90d),Squad player,1.0,3.0,1,0.6666666666666666,1.0,3,,,0,6.7,,,0.33333333333333337,2.0,1,0,2,
185,Mohamed Elneny,Arsenal,Defensive Midfielder,30,2022/23,77,Knee Injury,2023-01-14,2023-09-20,,,,,Win,West Ham,2.0,,Win,Brighton,2.0,,Win,Tottenham,2.0,Win,Man United,1.0,Loss,Everton,-1.0,,,,,,,,,,,,,249,2023,1,Jan,30-33,Knee,Severe (>90d),Squad player,2.0,3.0,2,0.6666666666666666,2.0,3,,,0,,,,1.3333333333333335,1.0,2,0,1,
186,Takehiro Tomiyasu,Arsenal,Right Back,24,2022/23,79,Muscular Problems,2022-11-03,2022-11-15,Win,Leeds,1.0,6.0,Draw,Southampton,0.0,7.0,Win,Nottm Forest,5.0,6.5,Win,Chelsea,1.0,Win,Wolves,2.0,,,,Win,Brighton,2.0,,Draw,Newcastle,0.0,,Win,Tottenham,2.0,,12,2022,11,Nov,22-25,Other,Minor (<=14d),Squad player,2.0,2.3333333333333335,3,1.5,3.0,2,1.3333333333333333,2.3333333333333335,3,6.5,,,0.5,-0.6666666666666665,2,0,0,
187,Takehiro Tomiyasu,Arsenal,Right Back,24,2022/23,79,Knee Surgery,2023-03-16,2023-07-01,,,,,Win,Bournemouth,1.0,6.8,Win,Fulham,3.0,,Win,Crystal Palace,3.0,Win,Leeds,3.0,Draw,Liverpool,0.0,,,,,,,,,,,,,107,2023,3,Mar,22-25,Knee,Severe (>90d),Squad player,2.0,3.0,2,2.0,2.3333333333333335,3,,,0,6.8,,,0.0,0.6666666666666665,2,1,0,
188,Oleksandr Zinchenko,Arsenal,Left Back,26,2022/23,82,Knee Problems And Calf Injury,2022-08-26,2022-11-01,Win,Crystal Palace,2.0,7.7,Win,Leicester,2.0,6.9,Win,Bournemouth,3.0,7.0,Win,Fulham,1.0,Win,Aston Villa,1.0,Win,Brentford,3.0,Win,Chelsea,1.0,6.8,Win,Wolves,2.0,7.0,Win,West Ham,2.0,,67,2022,8,Aug,26-29,Knee,Major (46-90d),Star (top 25%),2.3333333333333335,3.0,3,1.6666666666666667,3.0,3,1.6666666666666667,3.0,3,7.2,6.9,-0.2999999999999998,0.6666666666666667,0.0,3,0,0,Declined
189,Oleksandr Zinchenko,Arsenal,Left Back,26,2022/23,82,Unknown Injury,2023-04-14,2023-04-17,Win,Crystal Palace,3.0,6.5,Win,Leeds,3.0,7.0,Draw,Liverpool,0.0,6.6,Draw,West Ham,0.0,,,,,,,Draw,Southampton,0.0,6.0,Loss,Man City,-3.0,5.6,Win,Chelsea,2.0,7.0,3,2023,4,Apr,26-29,Other,Minor (<=14d),Star (top 25%),2.0,2.3333333333333335,3,0.0,1.0,1,-0.3333333333333333,1.3333333333333333,3,6.7,6.2,-0.5,2.0,1.3333333333333335,0,1,0,Declined
190,Oleksandr Zinchenko,Arsenal,Left Back,26,2022/23,82,Calf Muscle Tear,2023-05-07,2023-08-18,Loss,Man City,-3.0,5.6,Loss,Chelsea,2.0,7.0,Loss,Newcastle,2.0,6.8,Loss,Brighton,-3.0,Loss,Nottm Forest,-1.0,Win,Wolves,5.0,,,,,,,,,,,,,103,2023,5,May,26-29,Calf / Achilles,Severe (>90d),Star (top 25%),0.3333333333333333,0.0,3,0.3333333333333333,1.0,3,,,0,6.466666666666666,,,0.0,-1.0,1,0,2,
191,Gabriel Jesus,Arsenal,Center Forward,26,2022/23,85,Knee Injury,2022-12-02,2023-03-11,Win,Nottm Forest,5.0,9.7,Win,Chelsea,1.0,7.3,Win,Wolves,2.0,6.5,Win,West Ham,2.0,Win,Brighton,2.0,Draw,Newcastle,0.0,Win,Fulham,3.0,,Win,Crystal Palace,3.0,,Win,Leeds,3.0,9.0,99,2022,12,Dec,26-29,Knee,Severe (>90d),Star (top 25%),2.6666666666666665,3.0,3,1.3333333333333333,2.3333333333333335,3,3.0,3.0,3,7.833333333333333,9.0,1.166666666666667,1.3333333333333333,0.6666666666666665,2,1,0,Improved
192,Gabriel Martinelli,Arsenal,Left Winger,23,2023/24,83,Hamstring Injury,2023-09-17,2023-10-07,Draw,Fulham,0.0,7.0,Win,Man United,2.0,7.2,Win,Everton,1.0,5.7,Draw,Tottenham,0.0,Win,Bournemouth,4.0,,,,Win,Man City,1.0,,Draw,Chelsea,0.0,6.6,Win,Sheffield,5.0,7.2,20,2023,9,Sep,22-25,Hamstring,Moderate (15-45d),Star (top 25%),1.0,2.3333333333333335,3,2.0,2.0,2,2.0,2.3333333333333335,3,6.633333333333333,6.9,0.2666666666666675,-1.0,0.3333333333333335,1,1,0,Improved
193,Gabriel Martinelli,Arsenal,Left Winger,23,2023/24,83,Foot Injury,2024-03-05,2024-03-29,Win,Burnley,5.0,6.4,Win,Newcastle,3.0,7.4,Win,Sheffield,6.0,8.2,Win,Brentford,1.0,,,,,,,Draw,Man City,0.0,8.0,,,,,Win,Brighton,3.0,,24,2024,3,Mar,22-25,Foot,Moderate (15-45d),Star (top 25%),4.666666666666667,3.0,3,1.0,3.0,1,1.5,2.0,2,7.333333333333333,8.0,0.666666666666667,3.666666666666667,0.0,1,0,0,Improved
194,Bukayo Saka,Arsenal,Right Winger,22,2023/24,86,Unknown Injury,2024-03-21,2024-04-06,Win,Sheffield,6.0,6.7,Win,Brentford,1.0,6.8,Loss,Man City,0.0,5.5,Win,Luton Town,2.0,,,,,,,Win,Brighton,3.0,7.3,Loss,Aston Villa,-2.0,7.0,Win,Wolves,2.0,7.1,16,2024,3,Mar,22-25,Other,Moderate (15-45d),Star (top 25%),2.3333333333333335,2.0,3,2.0,3.0,1,1.0,2.0,3,6.333333333333333,7.133333333333333,0.7999999999999998,0.3333333333333335,-1.0,1,0,0,Improved
195,Bukayo Saka,Arsenal,Right Winger,22,2023/24,86,Thigh Problems,2023-10-03,2023-10-21,Win,Everton,1.0,7.1,Draw,Tottenham,0.0,7.9,Win,Bournemouth,4.0,7.5,Win,Man City,1.0,,,,,,,Draw,Chelsea,0.0,6.9,Win,Sheffield,5.0,6.5,Loss,Newcastle,-1.0,6.8,18,2023,10,Oct,22-25,Thigh / Muscle,Moderate (15-45d),Star (top 25%),1.6666666666666667,2.3333333333333335,3,1.0,3.0,1,1.3333333333333333,1.3333333333333333,3,7.5,6.733333333333333,-0.7666666666666666,0.6666666666666667,-0.6666666666666665,1,0,0,Declined
196,Thomas Partey,Arsenal,Defensive Midfielder,31,2023/24,84,Groin Injury,2023-09-02,2023-10-03,Win,Nottm Forest,1.0,7.6,Win,Crystal Palace,1.0,7.6,Draw,Fulham,0.0,6.9,Win,Man United,2.0,Win,Everton,1.0,Draw,Tottenham,0.0,Win,Man City,1.0,6.0,,,,,,,,,31,2023,9,Sep,30-33,Groin / Hip,Moderate (15-45d),Star (top 25%),0.6666666666666666,2.3333333333333335,3,1.0,2.3333333333333335,3,1.0,3.0,1,7.366666666666667,6.0,-1.3666666666666671,-0.33333333333333337,0.0,2,1,0,Declined
197,Thomas Partey,Arsenal,Defensive Midfielder,31,2023/24,84,Hamstring Injury,2023-11-09,2024-02-29,,,,,,,,,,,,,Win,Burnley,2.0,Win,Brentford,1.0,Win,Wolves,1.0,Win,Sheffield,6.0,,,,,,Draw,Man City,0.0,,112,2023,11,Nov,30-33,Hamstring,Severe (>90d),Star (top 25%),,,0,1.3333333333333333,3.0,3,3.0,2.0,2,,,,,,3,0,0,
198,Martin Ødegaard,Arsenal,Attacking Midfielder,25,2023/24,88,Hip Problems,2023-11-03,2023-11-22,Win,Bournemouth,4.0,8.5,Win,Man City,1.0,6.7,Draw,Chelsea,0.0,6.0,Loss,Newcastle,-1.0,Win,Burnley,2.0,,,,Win,Brentford,1.0,6.5,Win,Wolves,1.0,9.5,Win,Luton Town,1.0,7.2,19,2023,11,Nov,22-25,Groin / Hip,Moderate (15-45d),Star (top 25%),1.6666666666666667,2.3333333333333335,3,0.5,1.5,2,1.0,3.0,3,7.066666666666666,7.733333333333333,0.666666666666667,1.1666666666666667,0.8333333333333335,1,0,1,Improved
199,Ben White,Arsenal,Right Back,26,2023/24,82,Knee Injury,2023-11-09,2023-11-20,Draw,Chelsea,0.0,6.1,Win,Sheffield,5.0,6.9,Loss,Newcastle,-1.0,6.3,Win,Burnley,2.0,,,,,,,,,,,Win,Wolves,1.0,,Win,Luton Town,1.0,7.2,11,2023,11,Nov,26-29,Knee,Minor (<=14d),Star (top 25%),1.3333333333333333,1.3333333333333333,3,2.0,3.0,1,1.0,3.0,2,6.433333333333334,7.2,0.7666666666666666,-0.6666666666666667,-1.6666666666666667,1,0,0,Improved
200,Takehiro Tomiyasu,Arsenal,Right Back,25,2023/24,78,Calf Injury,2023-12-03,2024-03-20,Win,Burnley,2.0,6.7,Win,Brentford,1.0,7.4,Win,Wolves,1.0,7.1,Win,Luton Town,1.0,Loss,Aston Villa,-1.0,Win,Brighton,2.0,Draw,Man City,0.0,,Win,Luton Town,2.0,,Win,Brighton,3.0,,108,2023,12,Dec,22-25,Calf / Achilles,Severe (>90d),Squad player,1.3333333333333333,3.0,3,0.6666666666666666,2.0,3,1.6666666666666667,2.3333333333333335,3,7.066666666666667,,,0.6666666666666666,1.0,2,0,1,
201,Oleksandr Zinchenko,Arsenal,Left Back,27,2023/24,80,Calf Problems,2023-12-30,2024-01-18,Win,Brighton,2.0,7.8,Draw,Liverpool,0.0,6.8,Loss,West Ham,-2.0,6.5,Loss,Fulham,-1.0,,,,,,,Win,Crystal Palace,5.0,7.8,Win,Nottm Forest,1.0,8.0,Win,Liverpool,2.0,6.0,19,2023,12,Dec,26-29,Calf / Achilles,Moderate (15-45d),Squad player,0.0,1.3333333333333333,3,-1.0,0.0,1,2.6666666666666665,3.0,3,7.033333333333334,7.266666666666667,0.2333333333333325,1.0,1.3333333333333333,0,0,1,Improved
202,Gabriel Jesus,Arsenal,Center Forward,27,2023/24,82,Hamstring Injury,2023-10-24,2023-11-19,Win,Bournemouth,4.0,6.7,Win,Man City,1.0,6.5,Draw,Chelsea,0.0,5.7,Win,Sheffield,5.0,Loss,Newcastle,-1.0,Win,Burnley,2.0,Win,Brentford,1.0,6.4,Win,Wolves,1.0,5.9,Win,Luton Town,1.0,8.6,26,2023,10,Oct,26-29,Hamstring,Moderate (15-45d),Star (top 25%),1.6666666666666667,2.3333333333333335,3,2.0,2.0,3,1.0,3.0,3,6.3,6.966666666666666,0.6666666666666661,-0.33333333333333326,0.3333333333333335,2,0,1,Improved
203,Gabriel Jesus,Arsenal,Center Forward,27,2023/24,82,Knee Injury,2024-01-05,2024-01-18,Loss,Fulham,-1.0,,Win,Crystal Palace,5.0,7.5,Win,Nottm Forest,1.0,7.9,Win,Liverpool,2.0,Win,West Ham,6.0,Win,Burnley,5.0,Win,Sheffield,6.0,,Win,Brentford,1.0,,Draw,Man City,0.0,6.6,13,2024,1,Jan,26-29,Knee,Minor (<=14d),Star (top 25%),1.6666666666666667,2.0,3,4.333333333333333,3.0,3,2.3333333333333335,2.3333333333333335,3,7.7,6.6,-1.1000000000000005,-2.666666666666666,-1.0,3,0,0,Declined
204,Tyrone Mings,Aston Villa,Center Back,28,2019/20,75,Muscle Strain,2019-12-09,2019-12-31,Loss,Leicester,-4.0,5.3,Loss,Chelsea,1.0,5.7,Draw,Man United,0.0,6.8,Win,Norwich City,1.0,Loss,Southampton,-2.0,Loss,Sheffield,-2.0,Win,Burnley,1.0,6.7,Loss,Man City,-5.0,4.8,Draw,Brighton,0.0,6.7,22,2019,12,Dec,26-29,Thigh / Muscle,Moderate (15-45d),Squad player,-1.0,0.3333333333333333,3,-1.0,1.0,3,-1.3333333333333333,1.3333333333333333,3,5.933333333333334,6.066666666666666,0.13333333333333286,0.0,-0.6666666666666667,1,0,2,Stable
205,Jed Steer,Aston Villa,Goalkeeper,27,2019/20,70,Calf Injury,2019-11-11,2020-06-15,,,,,,,,,,,,,Win,Newcastle,2.0,Draw,Man United,0.0,Loss,Chelsea,-1.0,,,,,,,,,,,,,217,2019,11,Nov,26-29,Calf / Achilles,Severe (>90d),Squad player,,,0,0.3333333333333333,1.3333333333333333,3,,,0,,,,,,1,1,1,
206,Anwar El Ghazi,Aston Villa,Right Winger,24,2019/20,75,Knee Injury,2019-12-02,2019-12-07,Draw,Man United,0.0,5.8,Win,Newcastle,2.0,7.0,Win,Wolves,1.0,6.2,Loss,Chelsea,-1.0,,,,,,,Loss,Sheffield,2.0,5.6,Loss,Southampton,-2.0,5.8,Win,Norwich City,1.0,6.2,5,2019,12,Dec,22-25,Knee,Minor (<=14d),Squad player,1.0,2.3333333333333335,3,-1.0,0.0,1,0.3333333333333333,1.0,3,6.333333333333333,5.866666666666666,-0.4666666666666668,2.0,2.3333333333333335,0,0,1,Declined
207,Matt Targett,Aston Villa,Left Back,24,2019/20,75,Muscle Strain,2020-06-28,2020-07-11,Loss,Wolves,-1.0,6.3,Draw,Newcastle,0.0,6.6,Loss,Chelsea,-1.0,7.1,Loss,Liverpool,-2.0,Loss,Man United,-3.0,,,,Draw,Everton,0.0,6.6,Win,Arsenal,1.0,6.7,Draw,West Ham,0.0,6.0,13,2020,6,Jun,22-25,Thigh / Muscle,Minor (<=14d),Squad player,-0.6666666666666666,0.3333333333333333,3,-2.5,0.0,2,0.3333333333333333,1.6666666666666667,3,6.666666666666667,6.433333333333334,-0.2333333333333334,1.8333333333333335,0.3333333333333333,0,0,2,Declined
208,Matt Targett,Aston Villa,Left Back,24,2019/20,75,Hamstring Injury,2019-12-31,2020-01-17,Loss,Southampton,-2.0,6.0,Loss,Watford,-3.0,6.7,Win,Norwich City,1.0,6.2,Win,Burnley,1.0,Loss,Man City,-5.0,,,,Loss,Southampton,-2.0,6.4,Draw,Brighton,0.0,6.7,Win,Watford,1.0,6.8,17,2019,12,Dec,22-25,Hamstring,Moderate (15-45d),Squad player,-1.3333333333333333,1.0,3,-2.0,1.5,2,-0.3333333333333333,1.3333333333333333,3,6.3,6.633333333333334,0.3333333333333339,0.6666666666666667,-0.5,1,0,1,Improved
209,Matt Targett,Aston Villa,Left Back,24,2019/20,75,Hamstring Injury,2019-08-29,2019-09-24,,,,,,,,,,,,,Loss,Crystal Palace,-1.0,Draw,West Ham,0.0,Win,Arsenal,-1.0,Draw,Burnley,0.0,6.9,Win,Norwich City,4.0,6.8,Win,Brighton,1.0,8.7,26,2019,8,Aug,22-25,Hamstring,Moderate (15-45d),Squad player,,,0,-0.6666666666666666,1.3333333333333333,3,1.6666666666666667,2.3333333333333335,3,,7.466666666666666,,,,1,1,1,
210,Jack Grealish,Aston Villa,Left Winger,24,2019/20,80,Calf Injury,2019-10-27,2019-11-24,Loss,Man City,-3.0,5.8,Win,Brighton,1.0,9.5,Win,Norwich City,4.0,8.2,Loss,Liverpool,-1.0,Loss,Wolves,-1.0,,,,Win,Newcastle,2.0,8.6,Draw,Man United,0.0,7.8,Loss,Chelsea,-1.0,6.5,28,2019,10,Oct,22-25,Calf / Achilles,Moderate (15-45d),Squad player,0.6666666666666666,2.0,3,-1.0,0.0,2,0.3333333333333333,1.3333333333333333,3,7.833333333333333,7.633333333333333,-0.20000000000000018,1.6666666666666665,2.0,0,0,2,Declined
211,Neil Taylor,Aston Villa,Left Back,31,2019/20,70,Hamstring Injury,2020-07-13,2020-07-25,Draw,West Ham,0.0,6.7,Loss,Man United,-3.0,6.3,Loss,Liverpool,-2.0,7.1,Win,Crystal Palace,2.0,Draw,Everton,0.0,Win,Arsenal,1.0,,,,,,,,,,,,,12,2020,7,Jul,30-33,Hamstring,Minor (<=14d),Squad player,-1.6666666666666667,0.3333333333333333,3,1.0,2.3333333333333335,3,,,0,6.7,,,-2.666666666666667,-2.0,2,1,0,
212,Björn Engels,Aston Villa,Center Back,25,2019/20,76,Groin Injury,2019-11-03,2019-11-30,Loss,Liverpool,-1.0,5.8,Loss,Man City,-3.0,4.7,Win,Brighton,1.0,6.1,Loss,Wolves,-1.0,Win,Newcastle,2.0,Draw,Man United,0.0,,,,,,,,,Loss,Leicester,-3.0,5.5,27,2019,11,Nov,22-25,Groin / Hip,Moderate (15-45d),Squad player,-1.0,1.0,3,0.3333333333333333,1.3333333333333333,3,-3.0,0.0,1,5.533333333333334,5.5,-0.0333333333333341,-1.3333333333333333,-0.33333333333333326,1,1,1,Stable
213,Tom Heaton,Aston Villa,Goalkeeper,34,2019/20,83,Cruciate Ligament Injury,2020-01-01,2020-11-07,Loss,Watford,-3.0,5.9,Win,Norwich City,1.0,7.8,Loss,Southampton,-2.0,6.3,Win,Burnley,1.0,Loss,Man City,-5.0,Draw,Brighton,0.0,,,,,,,,,,,,,311,2020,1,Jan,34+,Knee,Severe (>90d),Star (top 25%),-1.3333333333333333,1.0,3,-1.3333333333333333,1.3333333333333333,3,,,0,6.666666666666667,,,0.0,-0.33333333333333326,1,1,1,
214,Tom Heaton,Aston Villa,Goalkeeper,34,2019/20,83,Calf Strain,2019-11-10,2019-11-25,Loss,Liverpool,-1.0,6.0,Win,Brighton,1.0,7.0,Loss,Man City,-3.0,6.3,Loss,Wolves,-1.0,,,,,,,Win,Newcastle,2.0,7.8,Draw,Man United,0.0,6.2,Loss,Chelsea,-1.0,7.7,15,2019,11,Nov,34+,Calf / Achilles,Moderate (15-45d),Star (top 25%),-1.0,1.0,3,-1.0,0.0,1,0.3333333333333333,1.3333333333333333,3,6.433333333333334,7.233333333333333,0.7999999999999998,0.0,1.0,0,0,1,Improved
215,Ezri Konsa,Aston Villa,Center Back,23,2020/21,77,Bruise,2020-12-13,2020-12-25,Win,Wolves,1.0,6.4,Loss,West Ham,-1.0,6.4,Loss,Brighton,-1.0,7.3,Draw,Burnley,0.0,Win,West Brom,3.0,,,,Win,Crystal Palace,3.0,,Draw,Chelsea,0.0,6.1,Loss,Man United,-1.0,5.9,12,2020,12,Dec,22-25,Other,Minor (<=14d),Squad player,-0.3333333333333333,1.0,3,1.5,2.0,2,0.6666666666666666,1.3333333333333333,3,6.7,6.0,-0.7000000000000002,-1.8333333333333333,-1.0,1,1,0,Declined
216,Kortney Hause,Aston Villa,Center Back,25,2020/21,74,Ankle Injury,2021-01-03,2021-04-05,,,,,Draw,Chelsea,0.0,6.4,Win,Crystal Palace,3.0,7.4,Loss,Man City,-2.0,Win,Newcastle,2.0,Loss,Burnley,-1.0,,,,,,,,,,,,,92,2021,1,Jan,22-25,Ankle,Severe (>90d),Squad player,1.5,2.0,2,-0.3333333333333333,1.0,3,,,0,6.9,,,1.8333333333333333,1.0,1,0,2,
217,Bertrand Traoré,Aston Villa,Right Winger,24,2020/21,76,Bruised Ribs,2020-11-02,2020-11-20,Loss,Southampton,-1.0,5.2,Loss,Leeds,-3.0,,,,,,Win,Arsenal,3.0,,,,,,,Loss,Brighton,-1.0,,Loss,West Ham,-1.0,,Win,Wolves,1.0,6.2,18,2020,11,Nov,22-25,Other,Moderate (15-45d),Squad player,-2.0,0.0,2,3.0,3.0,1,-0.3333333333333333,1.0,3,5.2,6.2,1.0,-5.0,-3.0,1,0,0,Improved
218,Douglas Luiz,Aston Villa,Central Midfielder,23,2020/21,76,Hamstring Injury,2020-10-25,2020-11-25,Loss,Leeds,-3.0,6.1,Win,Leicester,1.0,6.5,Win,Liverpool,5.0,6.2,Loss,Brighton,-1.0,Loss,Southampton,-1.0,Win,Arsenal,3.0,Loss,West Ham,-1.0,7.4,Win,Wolves,-1.0,6.4,Draw,Burnley,0.0,6.3,31,2020,10,Oct,22-25,Hamstring,Moderate (15-45d),Squad player,1.0,2.0,3,0.3333333333333333,1.0,3,-0.6666666666666666,1.3333333333333333,3,6.266666666666667,6.7,0.43333333333333357,0.6666666666666667,1.0,1,0,2,Improved
219,Mahmoud Trezeguet,Aston Villa,Left Winger,26,2020/21,75,Head Injury,2020-12-01,2021-01-21,Loss,West Ham,-1.0,6.4,Loss,Brighton,-1.0,6.3,Win,Arsenal,3.0,6.8,Win,Wolves,-1.0,Draw,Burnley,0.0,Win,West Brom,3.0,,,,,,,,,Loss,West Ham,-2.0,,51,2020,12,Dec,26-29,Head,Major (46-90d),Squad player,0.3333333333333333,1.0,3,0.6666666666666666,2.3333333333333335,3,-2.0,0.0,1,6.5,,,-0.3333333333333333,-1.3333333333333335,2,1,0,
220,Morgan Sanson,Aston Villa,Central Midfielder,26,2020/21,77,Knee Problems,2021-04-09,2021-08-29,Win,Fulham,2.0,6.6,Loss,Tottenham,-2.0,5.9,Draw,Newcastle,0.0,,Loss,Liverpool,-1.0,Loss,Man City,-1.0,Draw,West Brom,0.0,,,,,,,,,,,,,142,2021,4,Apr,26-29,Knee,Severe (>90d),Squad player,0.0,1.3333333333333333,3,-0.6666666666666666,0.3333333333333333,3,,,0,6.25,,,0.6666666666666666,1.0,0,1,2,
221,Ross Barkley,Aston Villa,Central Midfielder,27,2020/21,78,Hamstring Injury,2020-11-21,2021-01-19,Win,Arsenal,3.0,7.7,Loss,Southampton,-1.0,6.7,Loss,Leeds,-3.0,6.5,Loss,Brighton,-1.0,Loss,West Ham,-1.0,Win,Wolves,1.0,Loss,Man City,-2.0,5.7,Win,Newcastle,2.0,6.2,Loss,Burnley,-1.0,6.8,59,2020,11,Nov,26-29,Hamstring,Major (46-90d),Squad player,-0.3333333333333333,1.0,3,-0.3333333333333333,1.0,3,-0.3333333333333333,1.0,3,6.966666666666666,6.233333333333333,-0.7333333333333325,0.0,0.0,1,0,2,Declined
222,Emiliano Martínez,Aston Villa,Goalkeeper,29,2021/22,84,Knee Problems,2022-05-20,2022-05-29,Draw,Crystal Palace,0.0,6.6,Loss,Liverpool,-1.0,6.3,Draw,Burnley,0.0,6.8,Loss,Man City,-1.0,,,,,,,,,,,,,,,,,,,9,2022,5,May,26-29,Knee,Minor (<=14d),Star (top 25%),-0.3333333333333333,0.6666666666666666,3,-1.0,0.0,1,,,0,6.566666666666666,,,0.6666666666666667,0.6666666666666666,0,0,1,
223,Ezri Konsa,Aston Villa,Center Back,24,2021/22,79,Knee Injury,2022-05-15,2022-07-10,Loss,Liverpool,-1.0,6.0,Win,Burnley,2.0,6.1,,,,,Draw,Crystal Palace,0.0,Draw,Burnley,0.0,Loss,Man City,-2.0,,,,,,,,,,,,,56,2022,5,May,22-25,Knee,Major (46-90d),Squad player,0.5,1.5,2,-0.6666666666666666,0.6666666666666666,3,,,0,6.05,,,1.1666666666666665,0.8333333333333334,0,2,1,
224,Lucas Digne,Aston Villa,Left Back,28,2021/22,84,Shoulder Injury,2022-04-09,2022-04-25,Loss,Wolves,-1.0,6.5,,,,,Loss,West Ham,-1.0,6.2,,,,Draw,Leicester,0.0,,,,Win,Burnley,2.0,6.8,Win,Norwich City,2.0,6.0,Loss,Liverpool,-1.0,6.6,16,2022,4,Apr,26-29,Shoulder / Arm,Moderate (15-45d),Star (top 25%),-1.0,0.0,2,0.0,1.0,1,1.0,2.0,3,6.35,6.466666666666666,0.11666666666666625,-1.0,-1.0,0,1,0,Stable
225,Lucas Digne,Aston Villa,Left Back,28,2021/22,84,Hamstring Injury,2022-03-14,2022-03-21,,,,,Win,Leeds,3.0,7.2,,,,,Loss,Arsenal,-1.0,,,,,,,,,,,Loss,Tottenham,-4.0,6.3,,,,,7,2022,3,Mar,26-29,Hamstring,Minor (<=14d),Star (top 25%),3.0,3.0,1,-1.0,0.0,1,-4.0,0.0,1,7.2,6.3,-0.9000000000000004,4.0,3.0,0,0,1,Declined
226,Leon Bailey,Aston Villa,Right Winger,24,2021/22,81,Thigh Problems,2021-12-05,2022-02-10,Loss,Man City,-1.0,5.8,Win,Crystal Palace,1.0,6.1,Win,Brighton,2.0,,Win,Leicester,1.0,Loss,Liverpool,-1.0,Win,Norwich City,2.0,Loss,Newcastle,-1.0,,Loss,Watford,-1.0,,,,,,67,2021,12,Dec,22-25,Thigh / Muscle,Major (46-90d),Star (top 25%),0.6666666666666666,2.0,3,0.6666666666666666,2.0,3,-1.0,0.0,2,5.949999999999999,,,0.0,0.0,2,0,1,
227,Marvelous Nakamba,Aston Villa,Defensive Midfielder,25,2021/22,75,Knee Injury,2021-12-11,2022-03-31,Loss,Leicester,-3.0,5.7,Loss,Liverpool,-1.0,6.2,Loss,Man City,-1.0,6.2,Loss,Sheffield,-2.0,Loss,Southampton,-2.0,Win,Norwich City,1.0,,,,,Loss,Chelsea,-1.0,,,,,,110,2021,12,Dec,22-25,Knee,Severe (>90d),Squad player,-1.6666666666666667,0.0,3,-1.0,1.0,3,-1.0,0.0,1,6.033333333333334,,,-0.6666666666666667,-1.0,1,0,2,
228,Morgan Sanson,Aston Villa,Central Midfielder,27,2021/22,76,Knock,2022-04-10,2022-05-08,Win,Fulham,2.0,6.6,Loss,Tottenham,-2.0,5.9,Draw,Newcastle,0.0,,Loss,Liverpool,-1.0,Win,Norwich City,2.0,Loss,Chelsea,-2.0,,,,,,,,,,,,,28,2022,4,Apr,26-29,Other,Moderate (15-45d),Squad player,0.0,1.3333333333333333,3,-0.3333333333333333,1.0,3,,,0,6.25,,,0.3333333333333333,0.33333333333333326,1,0,2,
229,Morgan Sanson,Aston Villa,Central Midfielder,27,2021/22,76,Ill,2021-10-30,2021-11-06,Loss,Wolves,-1.0,6.2,,,,,,,,,Loss,West Ham,-3.0,Loss,Southampton,-1.0,,,,,,,,,,,,,,,,7,2021,10,Oct,26-29,Other,Minor (<=14d),Squad player,-1.0,0.0,1,-2.0,0.0,2,,,0,6.2,,,1.0,0.0,0,0,2,
230,Morgan Sanson,Aston Villa,Central Midfielder,27,2021/22,76,Coronavirus,2021-12-12,2021-12-25,Loss,Liverpool,-1.0,,,,,,,,,,Win,Norwich City,2.0,,,,,,,Loss,Brentford,-1.0,,Draw,Man United,0.0,6.0,,,,,13,2021,12,Dec,26-29,Illness,Minor (<=14d),Squad player,-1.0,0.0,1,2.0,3.0,1,-0.5,0.5,2,,6.0,,-3.0,-3.0,1,0,0,
231,Matty Cash,Aston Villa,Right Back,25,2022/23,79,Calf Injury,2023-03-29,2023-05-03,Win,Bournemouth,3.0,7.4,Draw,West Ham,0.0,6.1,Win,Crystal Palace,1.0,6.9,Win,Chelsea,2.0,Win,Leicester,1.0,Win,Nottm Forest,2.0,,,,,Draw,Liverpool,0.0,6.2,Win,Tottenham,1.0,,35,2023,3,Mar,22-25,Calf / Achilles,Moderate (15-45d),Squad player,1.3333333333333333,2.3333333333333335,3,1.6666666666666667,3.0,3,0.5,2.0,2,6.8,6.2,-0.5999999999999996,-0.3333333333333335,-0.6666666666666665,3,0,0,Declined
232,Matty Cash,Aston Villa,Right Back,25,2022/23,79,Tendon Rupture,2022-09-03,2022-09-28,Loss,Arsenal,-1.0,5.9,Loss,West Ham,-1.0,6.5,Loss,Crystal Palace,-2.0,5.6,Draw,Man City,0.0,Win,Southampton,1.0,,,,,,,,Draw,Nottm Forest,0.0,6.7,Loss,Chelsea,-2.0,6.2,25,2022,9,Sep,22-25,Other,Moderate (15-45d),Squad player,-1.3333333333333333,0.0,3,0.5,2.0,2,-1.0,0.5,2,6.0,6.45,0.4500000000000002,-1.8333333333333333,-2.0,1,1,0,Improved
233,Diego Carlos,Aston Villa,Center Back,30,2022/23,82,Achilles Tendon Rupture,2022-08-11,2023-03-12,Loss,Bournemouth,-2.0,5.6,,,,,,,,,Win,Everton,1.0,Loss,Crystal Palace,-3.0,Loss,West Ham,-1.0,,,,,,,,,,,,,213,2022,8,Aug,30-33,Calf / Achilles,Severe (>90d),Star (top 25%),-2.0,0.0,1,-1.0,1.0,3,,,0,5.6,,,-1.0,-1.0,1,0,2,
234,John Mcginn,Aston Villa,Central Midfielder,28,2022/23,78,Hamstring Strain,2023-01-01,2023-02-04,,,,,Win,Brighton,1.0,6.1,Win,Man United,2.0,,Win,Tottenham,2.0,Draw,Wolves,0.0,Win,Leeds,1.0,Loss,Man City,-2.0,,Loss,Arsenal,-2.0,6.1,Win,Everton,2.0,7.3,34,2023,1,Jan,26-29,Hamstring,Moderate (15-45d),Squad player,1.5,3.0,2,1.0,2.3333333333333335,3,-0.6666666666666666,1.0,3,6.1,6.699999999999999,0.5999999999999996,0.5,0.6666666666666665,2,1,0,Improved
235,Lucas Digne,Aston Villa,Left Back,29,2022/23,82,Shoulder Injury,2023-01-14,2023-02-03,Draw,Wolves,0.0,6.2,Win,Tottenham,2.0,6.3,Loss,Liverpool,-2.0,6.5,Win,Southampton,1.0,Win,Leicester,2.0,,,,Loss,Man City,-2.0,5.1,,,,,Loss,Everton,-2.0,6.6,20,2023,1,Jan,26-29,Shoulder / Arm,Moderate (15-45d),Star (top 25%),0.0,1.3333333333333333,3,1.5,3.0,2,-2.0,0.0,2,6.333333333333333,5.85,-0.4833333333333334,-1.5,-1.6666666666666667,2,0,0,Declined
236,Lucas Digne,Aston Villa,Left Back,29,2022/23,82,Ankle Injury,2022-09-17,2022-10-27,Win,Southampton,1.0,6.6,Draw,Man City,0.0,6.2,Loss,Arsenal,-1.0,5.9,Win,Southampton,1.0,Draw,Leeds,0.0,Draw,Nottm Forest,0.0,Loss,Newcastle,-4.0,,Win,Man United,2.0,6.8,Win,Brighton,1.0,6.1,40,2022,9,Sep,26-29,Ankle,Moderate (15-45d),Star (top 25%),0.0,1.3333333333333333,3,0.3333333333333333,1.6666666666666667,3,-0.3333333333333333,2.0,3,6.233333333333334,6.449999999999999,0.216666666666665,-0.3333333333333333,-0.3333333333333335,1,2,0,Improved
237,Álex Moreno,Aston Villa,Left Back,31,2022/23,80,Hamstring Injury,2023-05-20,2023-09-15,,,,,Win,Wolves,1.0,6.2,Loss,Man United,-1.0,6.0,Draw,Liverpool,0.0,Win,Brighton,1.0,,,,,,,,,,,,,,,,118,2023,5,May,30-33,Hamstring,Severe (>90d),Squad player,0.0,1.5,2,0.5,2.0,2,,,0,6.1,,,-0.5,-0.5,1,1,0,
238,Acob Ramsey,Aston Villa,Attacking Midfielder,22,2022/23,76,Hamstring Injury,2022-11-23,2023-01-08,Win,Brighton,1.0,5.4,Win,Man United,2.0,7.4,Loss,Newcastle,-4.0,,Loss,Liverpool,-2.0,Win,Tottenham,2.0,Draw,Wolves,0.0,Win,Leeds,1.0,5.5,Win,Southampton,1.0,7.4,Loss,Leicester,-2.0,5.8,46,2022,11,Nov,22-25,Hamstring,Major (46-90d),Squad player,-0.3333333333333333,2.0,3,0.0,1.3333333333333333,3,0.0,2.0,3,6.4,6.233333333333333,-0.16666666666666696,-0.3333333333333333,0.6666666666666667,1,1,1,Stable
239,Boubacar Kamara,Aston Villa,Defensive Midfielder,23,2022/23,80,Ankle Injury,2023-03-12,2023-03-18,Win,Crystal Palace,1.0,6.6,Win,Everton,2.0,6.9,Loss,Arsenal,-2.0,7.0,Draw,West Ham,0.0,Win,Bournemouth,3.0,Win,Chelsea,2.0,,,,,,,,,,,,,6,2023,3,Mar,22-25,Ankle,Minor (<=14d),Squad player,0.3333333333333333,2.0,3,1.6666666666666667,2.3333333333333335,3,,,0,6.833333333333333,,,-1.3333333333333335,-0.3333333333333335,2,1,0,
240,Boubacar Kamara,Aston Villa,Defensive Midfielder,23,2022/23,80,Knee Injury,2022-09-15,2022-10-31,Draw,Man City,0.0,6.3,Loss,Arsenal,1.0,6.0,Loss,West Ham,-1.0,6.9,Win,Southampton,1.0,Draw,Leeds,0.0,Draw,Nottm Forest,0.0,,,,,Win,Brighton,1.0,6.2,Loss,Liverpool,-2.0,6.1,46,2022,9,Sep,22-25,Knee,Major (46-90d),Squad player,0.0,0.3333333333333333,3,0.3333333333333333,1.6666666666666667,3,-0.5,1.5,2,6.400000000000001,6.15,-0.2500000000000009,-0.3333333333333333,-1.3333333333333335,1,2,0,Declined
241,Matty Cash,Aston Villa,Defensive Midfielder,26,2023/24,79,Calf Injury,2024-05-12,2024-06-12,Loss,Brighton,-1.0,,Draw,Chelsea,0.0,6.7,Win,Bournemouth,2.0,5.5,Draw,Liverpool,0.0,Loss,Crystal Palace,-5.0,,,,,,,,,,,,,,,,31,2024,5,May,26-29,Calf / Achilles,Moderate (15-45d),Squad player,0.3333333333333333,1.3333333333333333,3,-2.5,0.5,2,,,0,6.1,,,2.8333333333333335,0.8333333333333333,0,1,1,
242,Matty Cash,Aston Villa,Right Back,26,2023/24,79,Hamstring Injury,2024-03-21,2024-04-12,Draw,West Ham,0.0,,Loss,Tottenham,-4.0,5.6,Win,Fulham,1.0,6.4,Win,Wolves,2.0,Loss,Man City,-3.0,Draw,Brentford,0.0,,,,,Win,Bournemouth,2.0,5.5,,,,,22,2024,3,Mar,26-29,Hamstring,Moderate (15-45d),Squad player,-1.0,1.3333333333333333,3,-0.3333333333333333,1.3333333333333333,3,2.0,3.0,1,6.0,5.5,-0.5,-0.6666666666666667,0.0,1,1,1,Declined
243,Matty Cash,Aston Villa,Right Back,26,2023/24,79,Ill,2023-12-29,2023-12-31,,,,,Draw,Sheffield,0.0,7.4,Win,Brentford,1.0,6.0,Win,Burnley,1.0,,,,,,,,,,,Draw,Everton,0.0,,Draw,Chelsea,0.0,4.5,2,2023,12,Dec,26-29,Other,Minor (<=14d),Squad player,0.5,2.0,2,1.0,3.0,1,0.0,1.0,2,6.7,4.5,-2.2,-0.5,-1.0,1,0,0,Declined
244,Diego Carlos,Aston Villa,Center Back,31,2023/24,81,Hamstring Injury,2024-02-14,2024-03-05,Loss,Man United,-1.0,6.2,Win,Sheffield,4.0,7.2,,,,,Win,Fulham,1.0,Win,Nottm Forest,2.0,Win,Luton Town,1.0,,,,,,,,,Win,Wolves,2.0,6.7,20,2024,2,Feb,30-33,Hamstring,Moderate (15-45d),Star (top 25%),1.5,1.5,2,1.3333333333333333,3.0,3,2.0,3.0,1,6.7,6.7,0.0,0.16666666666666674,-1.5,3,0,0,Stable
245,Ezri Konsa,Aston Villa,Center Back,26,2023/24,80,Knee Injury,2024-02-04,2024-03-01,Win,Sheffield,5.0,6.8,Loss,Newcastle,-2.0,6.0,Draw,Everton,0.0,6.5,Loss,Man United,-1.0,Win,Fulham,1.0,Win,Nottm Forest,4.0,Win,Luton Town,1.0,6.4,Loss,Tottenham,-4.0,5.7,Draw,West Ham,0.0,7.1,26,2024,2,Feb,26-29,Knee,Moderate (15-45d),Squad player,1.0,1.3333333333333333,3,1.3333333333333333,2.0,3,-1.0,1.3333333333333333,3,6.433333333333334,6.400000000000001,-0.03333333333333233,-0.33333333333333326,-0.6666666666666667,2,0,1,Stable
246,Youri Tielemans,Aston Villa,Central Midfielder,27,2023/24,81,Groin Injury,2024-04-27,2024-06-10,Win,Bournemouth,2.0,6.7,Win,Arsenal,2.0,7.6,Draw,Brentford,0.0,7.5,Draw,Chelsea,0.0,Loss,Brighton,-1.0,Draw,Liverpool,0.0,,,,,,,,,,,,,44,2024,4,Apr,26-29,Groin / Hip,Moderate (15-45d),Star (top 25%),1.3333333333333333,2.3333333333333335,3,-0.3333333333333333,0.6666666666666666,3,,,0,7.266666666666667,,,1.6666666666666665,1.666666666666667,0,2,1,
247,Youri Tielemans,Aston Villa,Central Midfielder,27,2023/24,81,Calf Injury,2023-12-13,2024-01-12,Win,Arsenal,1.0,5.9,Win,Man City,1.0,6.7,Draw,Bournemouth,0.0,7.2,Win,Brentford,1.0,Draw,Sheffield,0.0,Loss,Man United,-1.0,Draw,Everton,0.0,,Loss,Newcastle,-2.0,5.8,Win,Sheffield,5.0,7.4,30,2023,12,Dec,26-29,Calf / Achilles,Moderate (15-45d),Star (top 25%),0.6666666666666666,2.3333333333333335,3,0.0,1.3333333333333333,3,1.0,1.3333333333333333,3,6.6000000000000005,6.6,-8.881784197001252e-16,0.6666666666666666,1.0000000000000002,1,1,1,Stable
248,Lucas Digne,Aston Villa,Left Back,30,2023/24,79,Hamstring Injury,2023-12-26,2024-02-06,Draw,Sheffield,0.0,6.4,,,,,Win,Arsenal,1.0,6.3,Loss,Man United,-1.0,Win,Burnley,1.0,Draw,Everton,0.0,,,,,,,,,Win,Nottm Forest,2.0,6.3,42,2023,12,Dec,30-33,Hamstring,Moderate (15-45d),Squad player,0.5,2.0,2,0.0,1.3333333333333333,3,2.0,3.0,1,6.35,6.3,-0.04999999999999982,0.5,0.6666666666666667,1,1,1,Stable
249,Pau Torres,Aston Villa,Center Back,27,2023/24,82,Ankle Injury,2024-01-05,2024-02-04,Win,Burnley,1.0,,,,,,,,,,Draw,Everton,0.0,Loss,Newcastle,-2.0,Win,Sheffield,5.0,,,,,Win,Fulham,1.0,6.3,Win,Nottm Forest,2.0,6.3,30,2024,1,Jan,26-29,Ankle,Moderate (15-45d),Star (top 25%),1.0,3.0,1,1.0,1.3333333333333333,3,1.5,3.0,2,,6.3,,0.0,1.6666666666666667,1,1,1,
250,Pau Torres,Aston Villa,Center Back,27,2023/24,82,Unknown Injury,2023-12-18,2023-12-23,Win,Arsenal,1.0,6.3,Win,Man City,1.0,6.7,Draw,Bournemouth,0.0,5.6,Win,Burnley,1.0,Draw,Sheffield,0.0,Win,Man United,1.0,Win,Tottenham,1.0,7.2,Win,Burnley,1.0,,Win,Man City,1.0,6.7,5,2023,12,Dec,26-29,Other,Minor (<=14d),Star (top 25%),0.6666666666666666,2.3333333333333335,3,0.6666666666666666,2.3333333333333335,3,1.0,3.0,3,6.2,6.95,0.75,0.0,0.0,2,1,0,Improved
251,Álex Moreno,Aston Villa,Left Back,31,2023/24,80,Minor Knock,2024-04-15,2024-05-31,,,,,Loss,Man City,-3.0,,Win,Wolves,2.0,6.4,Win,Bournemouth,2.0,Draw,Chelsea,0.0,Loss,Brighton,-1.0,,,,,,,,,,,,,46,2024,4,Apr,30-33,Other,Major (46-90d),Squad player,-0.5,1.5,2,0.3333333333333333,1.3333333333333333,3,,,0,6.4,,,-0.8333333333333333,0.16666666666666674,1,1,1,
252,Jhon Durán,Aston Villa,Center Forward,20,2023/24,68,Unknown Injury,2023-08-11,2023-08-13,,,,,,,,,,,,,Loss,Newcastle,-5.0,,,,,,,Win,Everton,4.0,,Win,Burnley,2.0,6.0,Loss,Liverpool,-3.0,,2,2023,8,Aug,<=21,Other,Minor (<=14d),Squad player,,,0,-5.0,0.0,1,1.0,2.0,3,,6.0,,,,0,0,1,
253,Jhon Durán,Aston Villa,Center Forward,20,2023/24,68,Infection,2023-10-21,2023-10-23,,,,,Win,Brighton,5.0,,Win,Chelsea,1.0,,Win,West Ham,4.0,,,,,,,,,,,,,,,,,,,2,2023,10,Oct,<=21,Illness,Minor (<=14d),Squad player,3.0,3.0,2,4.0,3.0,1,,,0,,,,-1.0,0.0,1,0,0,
254,Jhon Durán,Aston Villa,Center Forward,20,2023/24,68,Infection,2023-10-28,2023-11-06,,,,,Win,Brighton,5.0,,Win,Chelsea,1.0,,Win,West Ham,4.0,,,,,,,,,,,,,,,,,,,9,2023,10,Oct,<=21,Illness,Minor (<=14d),Squad player,3.0,3.0,2,4.0,3.0,1,,,0,,,,-1.0,0.0,1,0,0,
255,Jhon Durán,Aston Villa,Center Forward,20,2023/24,68,Hamstring Injury,2024-01-25,2024-03-08,,,,,Draw,Everton,0.0,,,,,,Loss,Newcastle,-2.0,Win,Sheffield,5.0,Loss,Man United,1.0,,,,,Draw,West Ham,0.0,5.3,Win,Wolves,2.0,,43,2024,1,Jan,<=21,Hamstring,Moderate (15-45d),Squad player,0.0,1.0,1,1.3333333333333333,1.0,3,1.0,2.0,2,,5.3,,-1.3333333333333333,0.0,1,0,2,
256,Morgan Rogers,Aston Villa,Attacking Midfielder,21,2023/24,67,Hamstring Injury,2024-05-06,2024-06-01,Draw,Chelsea,0.0,6.8,Win,Bournemouth,2.0,7.3,Win,Bournemouth,2.0,7.3,Draw,Liverpool,0.0,Loss,Crystal Palace,5.0,,,,,,,,,,,,,,,,26,2024,5,May,<=21,Hamstring,Moderate (15-45d),Squad player,1.3333333333333333,2.3333333333333335,3,2.5,0.5,2,,,0,7.133333333333333,,,-1.1666666666666667,1.8333333333333335,0,1,1,
257,Leon Bailey,Aston Villa,Right Winger,26,2023/24,80,Ill,2024-05-18,2024-05-31,Draw,Liverpool,0.0,7.0,Loss,Brighton,-1.0,5.9,Draw,Chelsea,0.0,5.6,Loss,Crystal Palace,-5.0,,,,,,,,,,,,,,,,,,,13,2024,5,May,26-29,Other,Minor (<=14d),Squad player,-0.3333333333333333,0.6666666666666666,3,-5.0,0.0,1,,,0,6.166666666666667,,,4.666666666666667,0.6666666666666666,0,0,1,
258,Jacob Ramsey,Aston Villa,Attacking Midfielder,23,2023/24,78,Metatarsal Fracture,2023-07-02,2023-09-20,,,,,,,,,,,,,Loss,Newcastle,-4.0,Win,Everton,4.0,Win,Burnley,2.0,,,,,Win,Brighton,5.0,,,,,,80,2023,7,Jul,22-25,Foot,Major (46-90d),Squad player,,,0,0.6666666666666666,2.0,3,5.0,3.0,1,,,,,,2,0,1,
259,Jacob Ramsey,Aston Villa,Attacking Midfielder,23,2023/24,78,Foot Injury,2023-10-04,2023-11-24,Win,Brighton,5.0,,,,,,,,,,Draw,Wolves,0.0,Win,West Ham,3.0,Win,Luton Town,2.0,,,,,,,,,Win,Man City,1.0,,51,2023,10,Oct,22-25,Foot,Major (46-90d),Squad player,5.0,3.0,1,1.6666666666666667,2.3333333333333335,3,1.0,3.0,1,,,,3.333333333333333,0.6666666666666665,2,1,0,
260,Jacob Ramsey,Aston Villa,Attacking Midfielder,23,2023/24,78,Hamstring Injury,2024-01-13,2024-01-29,,,,,Win,Burnley,1.0,6.3,Loss,Man United,-1.0,5.7,Draw,Everton,0.0,Loss,Newcastle,-2.0,,,,Win,Sheffield,5.0,,Loss,Man United,1.0,6.4,Win,Fulham,1.0,6.2,16,2024,1,Jan,22-25,Hamstring,Moderate (15-45d),Squad player,0.0,1.5,2,-1.0,0.5,2,2.3333333333333335,2.0,3,6.0,6.300000000000001,0.3000000000000007,1.0,1.0,0,1,1,Improved
261,Philippe Coutinho,Aston Villa,Attacking Midfielder,32,2023/24,79,Hamstring Injury,2023-08-20,2023-09-25,Win,Everton,1.0,5.0,Loss,Newcastle,-5.0,,,,,,Win,Burnley,2.0,Loss,Liverpool,-3.0,Win,Crystal Palace,2.0,,,,,,,,,,,,,36,2023,8,Aug,30-33,Hamstring,Moderate (15-45d),Squad player,-2.0,1.5,2,0.3333333333333333,2.0,3,,,0,5.0,,,-2.3333333333333335,-0.5,2,0,1,
262,Joel Pereria,Man United,Goalkeeper,24,2019/20,66,Back Injury,2019-08-02,2019-08-16,,,,,,,,,,,,,Win,Chelsea,4.0,,,,,,,,,,,,,,,,,,,14,2019,8,Aug,22-25,Back,Minor (<=14d),Squad player,,,0,4.0,3.0,1,,,0,,,,,,1,0,0,
263,Harry Maguire,Man United,Center Back,27,2020/21,80,Ankle Injury,2021-05-09,2021-06-13,Win,Burnley,3.0,6.7,Draw,Leeds,0.0,6.8,Win,Aston Villa,3.0,6.6,Loss,Leicester,-1.0,Loss,Liverpool,-2.0,Draw,Fulham,0.0,,,,,,,,,,,,,35,2021,5,May,26-29,Ankle,Moderate (15-45d),Squad player,2.0,2.3333333333333335,3,-1.0,0.3333333333333333,3,,,0,6.7,,,3.0,2.0,0,1,2,
264,Harry Maguire,Man United,Center Back,28,2021/22,80,Calf Injury,2021-09-25,2021-10-15,Win,Wolves,1.0,7.4,Win,Newcastle,4.0,7.9,Win,West Ham,1.0,7.0,Draw,Everton,0.0,,,,,,,Loss,Leicester,-2.0,6.2,Loss,Liverpool,-5.0,6.8,Win,Tottenham,3.0,4.1,20,2021,9,Sep,26-29,Calf / Achilles,Moderate (15-45d),Squad player,2.0,3.0,3,0.0,1.0,1,-1.3333333333333333,1.0,3,7.433333333333334,5.7,-1.7333333333333334,2.0,2.0,0,1,0,Declined
265,Harry Maguire,Man United,Center Back,28,2021/22,80,Chest Injury,2022-01-01,2022-01-14,Win,Burnley,2.0,6.4,Draw,Newcastle,0.0,6.2,,,,,Loss,Wolves,-1.0,,,,,,,Win,Brentford,0.0,,Win,West Ham,1.0,6.8,Draw,Burnley,0.0,6.4,13,2022,1,Jan,26-29,Other,Minor (<=14d),Squad player,1.0,2.0,2,-1.0,0.0,1,0.3333333333333333,2.3333333333333335,3,6.300000000000001,6.6,0.29999999999999893,2.0,2.0,0,0,1,Improved
266,Harry Maguire,Man United,Center Back,28,2021/22,80,Knee Problems,2022-04-26,2022-05-03,Loss,Everton,1.0,6.2,Win,Norwich City,1.0,5.6,Loss,Liverpool,4.0,6.1,Draw,Chelsea,0.0,Win,Brentford,3.0,,,,Loss,Brighton,-4.0,7.5,Loss,Crystal Palace,-1.0,6.5,,,,,7,2022,4,Apr,26-29,Knee,Minor (<=14d),Squad player,2.0,1.0,3,1.5,2.0,2,-2.5,0.0,2,5.966666666666666,7.0,1.033333333333334,0.5,-1.0,1,1,0,Improved
267,Harry Maguire,Man United,Center Back,29,2022/23,80,Hamstring Injury,2022-09-26,2022-10-25,Win,Arsenal,2.0,,Loss,Brentford,-4.0,5.4,Loss,Brighton,-1.0,6.7,Loss,Man City,-3.0,Win,Everton,1.0,Draw,Newcastle,0.0,Win,West Ham,1.0,6.5,Loss,Aston Villa,-2.0,7.2,Win,Fulham,1.0,4.0,29,2022,9,Sep,26-29,Hamstring,Moderate (15-45d),Squad player,-1.0,1.0,3,-0.6666666666666666,1.3333333333333333,3,0.0,2.0,3,6.050000000000001,5.8999999999999995,-0.15000000000000124,-0.33333333333333337,-0.33333333333333326,1,1,1,Stable
268,Victor Lindelof,Man United,Center Back,25,2019/20,78,Ill,2020-01-20,2020-01-25,Loss,Arsenal,-2.0,5.9,Win,Norwich City,4.0,6.6,Loss,Liverpool,-2.0,6.3,Loss,Burnley,-2.0,,,,,,,Draw,Wolves,0.0,6.8,Win,Watford,3.0,6.1,Draw,Everton,0.0,5.9,5,2020,1,Jan,22-25,Other,Minor (<=14d),Squad player,0.0,1.0,3,-2.0,0.0,1,1.0,1.6666666666666667,3,6.266666666666667,6.266666666666666,-8.881784197001252e-16,2.0,1.0,0,0,1,Stable
269,Victor Lindelof,Man United,Center Back,26,2020/21,78,Back Injury,2020-12-27,2021-01-06,Draw,Leicester,0.0,6.4,Win,Leeds,4.0,6.8,Win,Sheffield,1.0,6.8,Win,Wolves,1.0,Win,Aston Villa,1.0,,,,Draw,Liverpool,0.0,6.9,Draw,Arsenal,0.0,7.4,Win,Southampton,9.0,6.6,10,2020,12,Dec,26-29,Back,Minor (<=14d),Squad player,1.6666666666666667,2.3333333333333335,3,1.0,3.0,2,3.0,1.6666666666666667,3,6.666666666666667,6.966666666666666,0.29999999999999893,0.6666666666666667,-0.6666666666666665,2,0,0,Improved
270,Victor Lindelof,Man United,Center Back,26,2021/22,78,Coronavirus,2021-12-26,2022-01-05,Win,Arsenal,1.0,6.2,Win,Crystal Palace,1.0,7.0,Win,Norwich City,1.0,,Draw,Newcastle,0.0,Win,Burnley,2.0,Loss,Wolves,-1.0,Draw,Aston Villa,0.0,6.5,Win,Brentford,2.0,6.7,,,,,10,2021,12,Dec,26-29,Illness,Minor (<=14d),Squad player,1.0,3.0,3,0.3333333333333333,1.3333333333333333,3,1.0,2.0,2,6.6,6.6,0.0,0.6666666666666667,1.6666666666666667,1,1,1,Stable
271,Victor Lindelof,Man United,Center Back,27,2021/22,78,Ill,2022-01-31,2022-02-07,Draw,Aston Villa,0.0,6.5,Win,Brentford,2.0,6.7,,,,,Win,West Ham,1.0,,,,,,,Win,Brighton,2.0,6.7,Win,Leeds,2.0,5.2,Draw,Watford,0.0,6.1,7,2022,1,Jan,26-29,Other,Minor (<=14d),Squad player,1.0,2.0,2,1.0,3.0,1,1.3333333333333333,2.3333333333333335,3,6.6,6.0,-0.5999999999999996,0.0,-1.0,1,0,0,Declined
272,Victor Lindelof,Man United,Center Back,28,2022/23,78,Back Problems,2022-08-07,2022-08-31,,,,,,,,,,,,,Loss,Brighton,-1.0,Loss,Brentford,-4.0,Win,Liverpool,1.0,Loss,Man City,-3.0,,Win,Everton,1.0,6.8,,,,,24,2022,8,Aug,26-29,Back,Moderate (15-45d),Squad player,,,0,-1.3333333333333333,1.0,3,-1.0,1.5,2,,6.8,,,,1,0,2,
273,Eric Bailly,Man United,Center Back,26,2019/20,77,Knee Surgery,2019-07-25,2020-01-10,,,,,,,,,,,,,Win,Chelsea,4.0,Draw,Wolves,0.0,Loss,Crystal Palace,-1.0,Win,Chelsea,2.0,5.1,Win,Man City,2.0,,Draw,Tottenham,0.0,,169,2019,7,Jul,26-29,Knee,Severe (>90d),Squad player,,,0,1.0,1.3333333333333333,3,1.3333333333333333,2.3333333333333335,3,,5.1,,,,1,1,1,
274,Eric Bailly,Man United,Center Back,26,2019/20,77,Neck Injury,2020-07-20,2020-07-25,Win,Bournemouth,3.0,5.2,Draw,Tottenham,0.0,5.6,Win,Man City,2.0,6.1,Draw,West Ham,0.0,,,,,,,,,,,,,,,,,,,5,2020,7,Jul,26-29,Other,Minor (<=14d),Squad player,1.6666666666666667,2.3333333333333335,3,0.0,1.0,1,,,0,5.633333333333333,,,1.6666666666666667,1.3333333333333335,0,1,0,
275,Eric Bailly,Man United,Center Back,27,2020/21,77,Muscle Injury,2020-10-18,2020-12-01,Loss,Brighton,1.0,,Win,Tottenham,-5.0,4.4,Loss,Newcastle,3.0,5.1,Draw,Chelsea,0.0,Loss,Arsenal,-1.0,Win,Everton,2.0,Draw,Leicester,0.0,6.8,Win,Wolves,1.0,7.4,Win,Aston Villa,1.0,6.3,44,2020,10,Oct,26-29,Thigh / Muscle,Moderate (15-45d),Squad player,-0.3333333333333333,1.0,3,0.3333333333333333,1.3333333333333333,3,0.6666666666666666,2.3333333333333335,3,4.75,6.833333333333333,2.083333333333333,-0.6666666666666666,-0.33333333333333326,1,1,1,Improved
276,Eric Bailly,Man United,Center Back,27,2020/21,77,Knock,2021-01-21,2021-03-25,Win,Fulham,1.0,,Win,Burnley,1.0,4.2,Win,Aston Villa,1.0,6.3,Loss,Sheffield,-1.0,Draw,Everton,0.0,,,,Draw,Crystal Palace,0.0,6.8,,,,,,,,,63,2021,1,Jan,26-29,Other,Major (46-90d),Squad player,1.0,3.0,3,-0.5,0.5,2,0.0,1.0,1,5.25,6.8,1.5499999999999998,1.5,2.5,0,1,1,Improved
277,Eric Bailly,Man United,Center Back,27,2020/21,77,Coronavirus,2021-03-31,2021-04-20,Draw,Crystal Palace,0.0,6.8,,,,,,,,,Win,Brighton,1.0,Win,Tottenham,2.0,Win,Burnley,2.0,Win,Aston Villa,2.0,6.3,Loss,Leicester,-1.0,4.4,Loss,Liverpool,-2.0,,20,2021,3,Mar,26-29,Illness,Moderate (15-45d),Squad player,0.0,1.0,1,1.6666666666666667,3.0,3,-0.3333333333333333,1.0,3,6.8,5.35,-1.4500000000000002,-1.6666666666666667,-2.0,3,0,0,Declined
278,Eric Bailly,Man United,Center Back,28,2021/22,77,Ankle Injury,2022-02-03,2022-02-16,Win,Burnley,2.0,,Win,Norwich City,1.0,4.4,,,,,Draw,Burnley,0.0,Draw,Southampton,0.0,Win,Burnley,2.0,,,,,,,,,,,,,13,2022,2,Feb,26-29,Ankle,Minor (<=14d),Squad player,1.5,3.0,2,0.6666666666666666,1.6666666666666667,3,,,0,4.4,,,0.8333333333333334,1.3333333333333333,1,2,0,
279,Axel Tuanzebe,Man United,Center Back,22,2019/20,73,Hip Injury,2019-10-19,2019-11-23,Win,Leicester,1.0,,Draw,Arsenal,0.0,5.8,Loss,Newcastle,-1.0,6.7,Draw,Liverpool,0.0,Win,Norwich City,2.0,Loss,Bournemouth,-1.0,Draw,Sheffield,0.0,,Win,Man City,1.0,,,,,,35,2019,10,Oct,22-25,Groin / Hip,Moderate (15-45d),Squad player,0.0,1.3333333333333333,3,0.3333333333333333,1.3333333333333333,3,0.5,2.0,2,6.25,,,-0.3333333333333333,0.0,1,1,1,
280,Axel Tuanzebe,Man United,Center Back,22,2019/20,73,Hamstring Strain,2019-12-18,2020-03-05,Draw,Sheffield,0.0,4.6,Win,Man City,1.0,,,,,,Loss,Watford,-2.0,Win,Newcastle,3.0,Win,Burnley,2.0,,,,,,,,,,,,,78,2019,12,Dec,22-25,Hamstring,Major (46-90d),Squad player,0.5,2.0,2,1.0,2.0,3,,,0,4.6,,,-0.5,0.0,2,0,1,
281,Axel Tuanzebe,Man United,Center Back,23,2020/21,73,Ankle Injury,2020-06-18,2020-10-19,,,,,,,,,,,,,Loss,Crystal Palace,-2.0,Win,Brighton,1.0,Loss,Tottenham,-5.0,Win,Everton,2.0,,,,,,,,,,123,2020,6,Jun,22-25,Ankle,Severe (>90d),Squad player,,,0,-2.0,1.0,3,2.0,3.0,1,,,,,,1,0,2,
282,Axel Tuanzebe,Man United,Center Back,24,2022/23,73,Unknown Injury,2022-07-13,2023-01-23,Win,Everton,2.0,4.6,,,,,,,,,Loss,Brighton,-1.0,Loss,Brentford,-4.0,Win,Liverpool,1.0,,,,,,,,,,,,,194,2022,7,Jul,22-25,Other,Severe (>90d),Squad player,2.0,3.0,1,-1.3333333333333333,1.0,3,,,0,4.6,,,3.333333333333333,2.0,1,0,2,
283,Phil Jones,Man United,Center Back,28,2019/20,70,Knock,2019-09-26,2019-10-19,,,,,,,,,,,,,Draw,Arsenal,0.0,Loss,Newcastle,-1.0,,,,Draw,Sheffield,0.0,,,,,,,,,,23,2019,9,Sep,26-29,Other,Moderate (15-45d),Squad player,,,0,-0.5,0.5,2,0.0,1.0,1,,,,,,0,1,1,
284,Phil Jones,Man United,Center Back,28,2019/20,70,Knee Injury,2020-06-12,2021-09-09,Loss,Burnley,-2.0,,,,,,,,,,Draw,Tottenham,0.0,Win,Sheffield,3.0,Win,Brighton,3.0,,,,,,,,,,,,,454,2020,6,Jun,26-29,Knee,Severe (>90d),Squad player,-2.0,0.0,1,2.0,2.3333333333333335,3,,,0,,,,-4.0,-2.3333333333333335,2,1,0,
285,Luke Shaw,Man United,Left Back,24,2019/20,83,Hamstring Injury,2019-08-24,2019-10-07,Win,Chelsea,4.0,7.2,Draw,Wolves,0.0,7.5,Loss,Crystal Palace,-1.0,,Draw,Southampton,0.0,Win,Leicester,1.0,Loss,West Ham,-2.0,Draw,Aston Villa,0.0,,Win,Tottenham,1.0,,Win,Man City,1.0,,44,2019,8,Aug,22-25,Hamstring,Moderate (15-45d),Star (top 25%),1.0,1.3333333333333333,3,-0.3333333333333333,1.3333333333333333,3,0.6666666666666666,2.3333333333333335,3,7.35,,,1.3333333333333333,0.0,1,1,1,
286,Luke Shaw,Man United,Left Back,24,2019/20,83,Muscle Injury,2019-10-18,2019-11-27,Win,Chelsea,4.0,7.2,Draw,Wolves,0.0,7.5,Loss,Crystal Palace,-1.0,,Draw,Liverpool,0.0,Win,Norwich City,2.0,Loss,Bournemouth,-1.0,Draw,Aston Villa,0.0,,Win,Tottenham,1.0,,Win,Man City,1.0,,40,2019,10,Oct,22-25,Thigh / Muscle,Moderate (15-45d),Star (top 25%),1.0,1.3333333333333333,3,0.3333333333333333,1.3333333333333333,3,0.6666666666666666,2.3333333333333335,3,7.35,,,0.6666666666666667,0.0,1,1,1,
287,Luke Shaw,Man United,Left Back,25,2020/21,83,Ankle Injury,2020-07-14,2020-09-11,Win,Bournemouth,3.0,5.2,Win,Aston Villa,3.0,6.8,Draw,Southampton,0.0,5.6,Win,Crystal Palace,2.0,Draw,West Ham,0.0,Win,Leicester,2.0,Loss,Crystal Palace,-2.0,6.2,Win,Brighton,1.0,6.2,Loss,Tottenham,-5.0,5.2,59,2020,7,Jul,22-25,Ankle,Major (46-90d),Star (top 25%),2.0,2.3333333333333335,3,1.3333333333333333,2.3333333333333335,3,-2.0,1.0,3,5.866666666666667,5.866666666666667,0.0,0.6666666666666667,0.0,2,1,0,Stable
288,Luke Shaw,Man United,Left Back,25,2020/21,83,Hamstring Injury,2020-11-07,2020-12-07,Draw,Chelsea,0.0,6.8,Loss,Arsenal,-1.0,6.8,Win,Everton,2.0,,Win,West Brom,1.0,Win,Southampton,1.0,Win,West Ham,2.0,Draw,Man City,0.0,7.3,Win,Leeds,4.0,,Draw,Leicester,0.0,7.0,30,2020,11,Nov,22-25,Hamstring,Moderate (15-45d),Star (top 25%),0.3333333333333333,1.3333333333333333,3,1.3333333333333333,3.0,3,1.3333333333333333,1.6666666666666667,3,6.8,7.15,0.35000000000000053,-1.0,-1.6666666666666667,3,0,0,Improved
289,Luke Shaw,Man United,Left Back,26,2021/22,83,Head Injury,2021-11-20,2021-12-07,Win,Tottenham,3.0,6.9,Loss,Man City,-2.0,,Loss,Watford,-3.0,,Draw,Chelsea,0.0,Win,Arsenal,1.0,Win,Crystal Palace,1.0,Win,Burnley,2.0,7.4,Loss,Wolves,-1.0,5.6,,,,,17,2021,11,Nov,26-29,Head,Moderate (15-45d),Star (top 25%),-0.6666666666666666,1.0,3,0.6666666666666666,2.3333333333333335,3,0.5,1.5,2,6.9,6.5,-0.40000000000000036,-1.3333333333333333,-1.3333333333333335,2,1,0,Declined
290,Luke Shaw,Man United,Left Back,26,2021/22,83,Hamstring Injury,2022-01-18,2022-01-31,Win,Burnley,2.0,7.4,Loss,Wolves,-1.0,5.6,,,,,Draw,Aston Villa,0.0,Win,Brentford,2.0,Win,West Ham,1.0,Draw,Burnley,0.0,7.4,Draw,Southampton,0.0,6.5,Win,Brighton,2.0,6.9,13,2022,1,Jan,26-29,Hamstring,Minor (<=14d),Star (top 25%),0.5,1.5,2,1.0,2.3333333333333335,3,0.6666666666666666,1.6666666666666667,3,6.5,6.933333333333334,0.43333333333333357,-0.5,-0.8333333333333335,2,1,0,Improved
291,Luke Shaw,Man United,Left Back,26,2021/22,83,Coronavirus,2022-03-02,2022-03-16,Win,Brighton,2.0,6.9,Win,Leeds,2.0,5.2,Draw,Watford,0.0,,Loss,Man City,-3.0,Win,Tottenham,1.0,,,,Draw,Leicester,0.0,5.6,,,,,,,,,14,2022,3,Mar,26-29,Illness,Minor (<=14d),Star (top 25%),1.3333333333333333,2.3333333333333335,3,-1.0,1.5,2,0.0,1.0,1,6.050000000000001,5.6,-0.45000000000000107,2.333333333333333,0.8333333333333335,1,0,1,Declined
292,Luke Shaw,Man United,Left Back,26,2021/22,83,Leg Injury,2022-04-02,2022-05-13,Draw,Leicester,0.0,5.6,,,,,,,,,Loss,Everton,-1.0,Win,Norwich City,1.0,Loss,Liverpool,-4.0,Loss,Brighton,-1.0,6.9,Loss,Brentford,-4.0,4.2,,,,,41,2022,4,Apr,26-29,Other,Moderate (15-45d),Star (top 25%),0.0,1.0,1,-1.3333333333333333,1.0,3,-2.5,0.0,2,5.6,5.550000000000001,-0.049999999999998934,1.3333333333333333,0.0,1,0,2,Stable
293,Luke Shaw,Man United,Left Back,27,2022/23,83,Unknown Injury,2023-04-06,2023-04-19,Draw,Southampton,0.0,4.2,Loss,Newcastle,-2.0,7.0,Win,Brentford,1.0,,Win,Everton,2.0,Win,Nottm Forest,2.0,,,,Draw,Tottenham,0.0,7.7,Win,Aston Villa,1.0,,Loss,Brighton,-1.0,6.2,13,2023,4,Apr,26-29,Other,Minor (<=14d),Star (top 25%),-0.3333333333333333,1.3333333333333333,3,2.0,3.0,2,0.0,1.3333333333333333,3,5.6,6.95,1.3500000000000005,-2.3333333333333335,-1.6666666666666667,2,0,0,Improved
294,Brandon Williams,Man United,Left Back,19,2019/20,72,Head Injury,2020-07-14,2020-07-18,Win,Brighton,3.0,,Win,Aston Villa,3.0,,Draw,Southampton,0.0,6.0,Win,Crystal Palace,2.0,,,,,,,Draw,West Ham,0.0,5.6,Win,Leicester,2.0,6.1,,,,,4,2020,7,Jul,<=21,Head,Minor (<=14d),Squad player,2.0,2.3333333333333335,3,2.0,3.0,1,1.0,2.0,2,6.0,5.85,-0.15000000000000036,0.0,-0.6666666666666665,1,0,0,Stable
295,Aaron Wan-Bissaka,Man United,Right Back,22,2019/20,80,Tonsillitis,2019-09-27,2019-10-19,Draw,Southampton,0.0,7.6,Win,Leicester,1.0,6.3,Loss,West Ham,-2.0,6.6,Draw,Arsenal,0.0,Loss,Newcastle,-1.0,,,,Draw,Liverpool,0.0,6.1,Win,Norwich City,2.0,7.3,Loss,Bournemouth,-1.0,,22,2019,9,Sep,22-25,Other,Moderate (15-45d),Squad player,-0.3333333333333333,1.3333333333333333,3,-0.5,0.5,2,0.3333333333333333,1.3333333333333333,3,6.833333333333333,6.699999999999999,-0.13333333333333375,0.16666666666666669,0.8333333333333333,0,1,1,Stable
296,Aaron Wan-Bissaka,Man United,Right Back,23,2021/22,80,Hand Injury,2021-11-29,2021-12-04,Loss,Man City,-2.0,6.0,Loss,Watford,-3.0,6.1,Draw,Chelsea,0.0,6.0,Win,Arsenal,1.0,,,,,,,Win,Burnley,2.0,6.3,Loss,Wolves,-1.0,,,,,,5,2021,11,Nov,22-25,Shoulder / Arm,Minor (<=14d),Squad player,-1.6666666666666667,0.3333333333333333,3,1.0,3.0,1,0.5,1.5,2,6.033333333333334,6.3,0.2666666666666657,-2.666666666666667,-2.6666666666666665,1,0,0,Improved
297,Aaron Wan-Bissaka,Man United,Right Back,23,2021/22,80,Ill,2022-01-14,2022-01-23,Win,Burnley,2.0,6.3,Loss,Wolves,-1.0,,,,,,Draw,Aston Villa,0.0,Win,Brentford,2.0,Win,West Ham,1.0,Win,Leeds,2.0,5.9,Draw,Watford,0.0,6.1,Loss,Man City,-3.0,6.0,9,2022,1,Jan,22-25,Other,Minor (<=14d),Squad player,0.5,1.5,2,1.0,2.3333333333333335,3,-0.3333333333333333,1.3333333333333333,3,6.3,6.0,-0.2999999999999998,-0.5,-0.8333333333333335,2,1,0,Declined
298,Aaron Wan-Bissaka,Man United,Right Back,24,2022/23,80,Back Problems,2022-09-12,2022-10-25,Win,Liverpool,1.0,,,,,,,,,,Loss,Man City,-3.0,Win,Everton,1.0,Draw,Newcastle,0.0,Win,Nottm Forest,3.0,7.8,Win,Wolves,1.0,6.7,Win,Bournemouth,4.0,6.7,43,2022,9,Sep,22-25,Back,Moderate (15-45d),Squad player,1.0,3.0,1,-0.6666666666666666,1.3333333333333333,3,2.6666666666666665,3.0,3,,7.066666666666666,,1.6666666666666665,1.6666666666666667,1,1,1,
299,Nemanja Matic,Man United,Defensive Midfielder,31,2019/20,80,Unknown Injury,2019-10-20,2019-12-11,Draw,Southampton,0.0,,Win,Leicester,1.0,,Loss,West Ham,-2.0,,Draw,Liverpool,0.0,Win,Norwich City,2.0,Loss,Bournemouth,-1.0,Win,Burnley,2.0,7.1,Loss,Arsenal,-2.0,,Win,Norwich City,4.0,7.6,52,2019,10,Oct,30-33,Other,Major (46-90d),Squad player,-0.3333333333333333,1.3333333333333333,3,0.3333333333333333,1.3333333333333333,3,1.3333333333333333,2.0,3,,7.35,,-0.6666666666666666,0.0,1,1,1,
300,Nemanja Matic,Man United,Defensive Midfielder,32,2021/22,80,Shin Injury,2022-02-10,2022-02-18,Loss,Wolves,-1.0,7.1,Draw,Aston Villa,0.0,6.5,Win,Brentford,2.0,,Draw,Southampton,0.0,Win,Brighton,2.0,,,,Draw,Watford,0.0,6.0,Win,Tottenham,1.0,,Draw,Leicester,0.0,,8,2022,2,Feb,30-33,Other,Minor (<=14d),Squad player,0.3333333333333333,1.3333333333333333,3,1.0,2.0,2,0.3333333333333333,1.6666666666666667,3,6.8,6.0,-0.7999999999999998,-0.6666666666666667,-0.6666666666666667,1,1,0,Declined
301,Paul Pogba,Man United,Central Midfielder,27,2019/20,85,Ankle Problems,2019-09-30,2019-12-23,Draw,Wolves,0.0,6.7,Loss,Crystal Palace,-1.0,6.9,Draw,Southampton,0.0,6.4,Win,Leicester,1.0,Loss,West Ham,-2.0,,,,Draw,Arsenal,0.0,6.6,,,,,,,,,84,2019,9,Sep,26-29,Ankle,Major (46-90d),Star (top 25%),-0.3333333333333333,0.6666666666666666,3,-0.5,1.5,2,0.0,1.0,1,6.666666666666667,6.6,-0.06666666666666732,0.16666666666666669,-0.8333333333333334,1,0,1,Stable
302,Paul Pogba,Man United,Central Midfielder,27,2019/20,85,Ankle Problems,2019-12-26,2020-06-08,Draw,Arsenal,0.0,6.6,,,,,,,,,Loss,Newcastle,-1.0,Draw,Liverpool,0.0,Win,West Ham,2.0,Loss,Watford,-2.0,,Win,Newcastle,3.0,,,,,,165,2019,12,Dec,26-29,Ankle,Severe (>90d),Star (top 25%),0.0,1.0,1,0.3333333333333333,1.3333333333333333,3,0.5,1.5,2,6.6,,,-0.3333333333333333,-0.33333333333333326,1,1,1,
303,Paul Pogba,Man United,Central Midfielder,28,2020/21,85,Ankle Injury,2020-11-16,2020-12-03,Draw,Chelsea,0.0,,Loss,Arsenal,-1.0,6.0,Win,Everton,2.0,,Win,West Brom,1.0,Win,Southampton,1.0,,,,Win,West Ham,2.0,8.7,Draw,Man City,0.0,6.6,Win,Sheffield,1.0,7.6,17,2020,11,Nov,26-29,Ankle,Moderate (15-45d),Star (top 25%),0.3333333333333333,1.3333333333333333,3,1.0,3.0,2,1.0,2.3333333333333335,3,6.0,7.633333333333333,1.6333333333333329,-0.6666666666666667,-1.6666666666666667,2,0,0,Improved
304,Paul Pogba,Man United,Central Midfielder,28,2020/21,85,Hamstring Injury,2021-02-04,2021-03-18,Loss,Sheffield,-1.0,7.6,Draw,Arsenal,0.0,6.0,Draw,Everton,0.0,,Draw,West Brom,0.0,Win,Newcastle,2.0,Draw,Chelsea,0.0,Win,Brighton,1.0,8.1,Win,Tottenham,2.0,7.8,Win,Burnley,2.0,7.8,42,2021,2,Feb,26-29,Hamstring,Moderate (15-45d),Star (top 25%),-0.3333333333333333,0.6666666666666666,3,0.6666666666666666,1.6666666666666667,3,1.6666666666666667,3.0,3,6.8,7.8999999999999995,1.0999999999999996,-1.0,-1.0,1,2,0,Improved
305,Paul Pogba,Man United,Central Midfielder,28,2021/22,85,Hamstring Injury,2021-11-08,2022-02-03,Draw,Everton,0.0,,Loss,Leicester,-2.0,,Loss,Liverpool,-5.0,6.0,Draw,Chelsea,0.0,Win,Arsenal,1.0,Win,Crystal Palace,1.0,Draw,Burnley,0.0,7.5,Draw,Southampton,0.0,7.1,Win,Brighton,2.0,7.4,87,2021,11,Nov,26-29,Hamstring,Major (46-90d),Star (top 25%),-2.3333333333333335,0.3333333333333333,3,0.6666666666666666,2.3333333333333335,3,0.6666666666666666,1.6666666666666667,3,6.0,7.333333333333333,1.333333333333333,-3.0,-2.0,2,1,0,Improved
306,Paul Pogba,Man United,Central Midfielder,28,2021/22,85,Calf Injury,2022-04-18,2022-05-23,Loss,Everton,-1.0,,Win,Norwich City,1.0,6.0,Loss,Liverpool,-4.0,6.0,Loss,Arsenal,-2.0,Draw,Chelsea,0.0,Win,Brentford,3.0,,,,,,,,,,,,,35,2022,4,Apr,26-29,Calf / Achilles,Moderate (15-45d),Star (top 25%),-1.3333333333333333,1.0,3,0.3333333333333333,1.3333333333333333,3,,,0,6.0,,,-1.6666666666666665,-0.33333333333333326,1,1,1,
307,Scott Mctominay,Man United,Central Midfielder,23,2019/20,79,Knee Injury,2019-11-11,2019-12-04,Win,Norwich City,2.0,7.4,Loss,Bournemouth,-1.0,5.6,Win,Brighton,2.0,7.9,Draw,Sheffield,0.0,Draw,Aston Villa,0.0,,,,Win,Tottenham,1.0,6.9,Win,Man City,1.0,6.9,Draw,Everton,0.0,7.2,23,2019,11,Nov,22-25,Knee,Moderate (15-45d),Squad player,1.0,2.0,3,0.0,1.0,2,0.6666666666666666,2.3333333333333335,3,6.966666666666666,7.0,0.0333333333333341,1.0,1.0,0,2,0,Stable
308,Scott Mctominay,Man United,Central Midfielder,23,2019/20,79,Knee Injury,2019-12-27,2020-02-22,Draw,Everton,0.0,7.2,Loss,Watford,-2.0,,Win,Newcastle,3.0,,Win,Burnley,2.0,Loss,Arsenal,-2.0,Win,Norwich City,4.0,Win,Watford,3.0,,Draw,Everton,0.0,7.2,Win,Man City,2.0,6.9,57,2019,12,Dec,22-25,Knee,Major (46-90d),Squad player,0.3333333333333333,1.3333333333333333,3,1.3333333333333333,2.0,3,1.6666666666666667,2.3333333333333335,3,7.2,7.050000000000001,-0.14999999999999947,-1.0,-0.6666666666666667,2,0,1,Stable
309,Scott Mctominay,Man United,Central Midfielder,24,2020/21,79,Bruise,2020-11-22,2020-12-01,Loss,Arsenal,-1.0,6.5,Win,Everton,2.0,6.7,Win,West Brom,1.0,7.1,Win,Southampton,1.0,,,,,,,Win,West Ham,2.0,6.8,Draw,Man City,0.0,6.8,Win,Sheffield,1.0,,9,2020,11,Nov,22-25,Other,Minor (<=14d),Squad player,0.6666666666666666,2.0,3,1.0,3.0,1,1.0,2.3333333333333335,3,6.766666666666666,6.8,0.0333333333333341,-0.33333333333333337,-1.0,1,0,0,Stable
310,Scott Mctominay,Man United,Central Midfielder,24,2020/21,79,Knock,2021-02-18,2021-02-26,Win,Southampton,9.0,8.3,Draw,Everton,0.0,7.9,Draw,West Brom,0.0,7.1,Win,Newcastle,2.0,,,,,,,Draw,Chelsea,0.0,,Draw,Crystal Palace,0.0,6.1,Win,Man City,2.0,6.8,8,2021,2,Feb,22-25,Other,Minor (<=14d),Squad player,3.0,1.6666666666666667,3,2.0,3.0,1,0.6666666666666666,1.6666666666666667,3,7.766666666666668,6.449999999999999,-1.316666666666669,1.0,-1.3333333333333333,1,0,0,Declined
311,Scott Mctominay,Man United,Central Midfielder,24,2021/22,79,Groin Injury,2021-08-26,2021-09-16,Win,Leeds,4.0,6.0,Draw,Southampton,0.0,,,,,,Win,Wolves,1.0,Win,Newcastle,2.0,,,,Win,West Ham,1.0,6.6,Loss,Aston Villa,-1.0,6.3,Draw,Everton,0.0,6.9,21,2021,8,Aug,22-25,Groin / Hip,Moderate (15-45d),Squad player,2.0,2.0,2,1.5,3.0,2,0.0,1.3333333333333333,3,6.0,6.599999999999999,0.5999999999999988,0.5,-1.0,2,0,0,Improved
312,Scott Mctominay,Man United,Central Midfielder,25,2021/22,79,Foot Injury,2022-04-06,2022-04-18,Win,Leeds,2.0,6.0,Loss,Man City,-3.0,6.6,Draw,Leicester,0.0,6.6,Loss,Everton,-1.0,Win,Norwich City,1.0,,,,Loss,Arsenal,-2.0,5.7,Draw,Chelsea,0.0,6.9,Win,Brentford,3.0,7.9,12,2022,4,Apr,22-25,Foot,Minor (<=14d),Squad player,-0.3333333333333333,1.3333333333333333,3,0.0,1.5,2,0.3333333333333333,1.3333333333333333,3,6.3999999999999995,6.833333333333333,0.43333333333333357,-0.3333333333333333,-0.16666666666666674,1,0,1,Improved
313,Scott Mctominay,Man United,Central Midfielder,26,2022/23,79,Unknown Injury,2023-01-27,2023-02-18,Win,Man City,1.0,6.2,Draw,Crystal Palace,0.0,,Loss,Arsenal,-1.0,6.9,Win,Crystal Palace,1.0,Draw,Leeds,0.0,Win,Leeds,2.0,Win,Leicester,3.0,,Loss,Liverpool,-7.0,,Draw,Southampton,0.0,,22,2023,1,Jan,26-29,Other,Moderate (15-45d),Squad player,0.0,1.3333333333333333,3,1.0,2.3333333333333335,3,-1.3333333333333333,1.3333333333333333,3,6.550000000000001,,,-1.0,-1.0000000000000002,2,1,0,
314,Scott Mctominay,Man United,Central Midfielder,26,2022/23,79,Unknown Injury,2023-04-09,2023-05-11,Loss,Newcastle,-2.0,,Win,Brentford,1.0,6.1,Win,Everton,2.0,,Win,Nottm Forest,2.0,Draw,Tottenham,0.0,Win,Aston Villa,1.0,Win,Bournemouth,1.0,6.2,Win,Chelsea,3.0,,Win,Fulham,1.0,,32,2023,4,Apr,26-29,Other,Moderate (15-45d),Squad player,0.3333333333333333,2.0,3,1.0,2.3333333333333335,3,1.6666666666666667,3.0,3,6.1,6.2,0.10000000000000053,-0.6666666666666667,-0.3333333333333335,2,1,0,Stable
315,Fred,Man United,Central Midfielder,27,2021/22,79,Coronavirus,2022-02-07,2022-02-14,Draw,Aston Villa,0.0,6.0,Win,Brentford,2.0,6.0,Win,West Ham,1.0,6.0,Draw,Burnley,0.0,Draw,Southampton,0.0,,,,Win,Brighton,2.0,6.0,Win,Leeds,2.0,6.0,Draw,Watford,0.0,6.0,7,2022,2,Feb,26-29,Illness,Minor (<=14d),Squad player,1.0,2.3333333333333335,3,0.0,1.0,2,1.3333333333333333,2.3333333333333335,3,6.0,6.0,0.0,1.0,1.3333333333333335,0,2,0,Stable
316,Fred,Man United,Central Midfielder,27,2021/22,79,Hip Flexor Problems,2022-04-09,2022-04-30,Win,Tottenham,1.0,6.2,Draw,Leicester,0.0,6.0,Loss,Everton,-1.0,6.0,Win,Norwich City,1.0,Loss,Liverpool,-4.0,Loss,Arsenal,-2.0,Win,Brentford,3.0,6.0,Loss,Brighton,-4.0,6.0,Loss,Crystal Palace,-1.0,6.4,21,2022,4,Apr,26-29,Groin / Hip,Moderate (15-45d),Squad player,0.0,1.3333333333333333,3,-1.6666666666666667,1.0,3,-0.6666666666666666,1.0,3,6.066666666666666,6.133333333333333,0.06666666666666643,1.6666666666666667,0.33333333333333326,1,0,2,Stable
317,Bruno Fernandes,Man United,Attacking Midfielder,25,2021/22,88,Ill,2022-03-12,2022-03-14,Win,Leeds,2.0,6.0,Draw,Watford,0.0,,Loss,Man City,-3.0,5.8,Win,Tottenham,1.0,,,,,,,Draw,Leicester,0.0,7.5,Loss,Everton,-1.0,7.7,Win,Norwich City,1.0,7.0,2,2022,3,Mar,22-25,Other,Minor (<=14d),Star (top 25%),-0.3333333333333333,1.3333333333333333,3,1.0,3.0,1,0.0,1.3333333333333333,3,5.9,7.3999999999999995,1.4999999999999991,-1.3333333333333333,-1.6666666666666667,1,0,0,Improved
318,Jesse Lingard,Man United,Attacking Midfielder,27,2019/20,78,Ill,2019-09-07,2019-09-18,Draw,Wolves,0.0,,Loss,Crystal Palace,-1.0,,Draw,Southampton,0.0,,Win,Leicester,1.0,,,,,,,Loss,West Ham,-2.0,,Draw,Arsenal,0.0,,,,,,11,2019,9,Sep,26-29,Other,Minor (<=14d),Squad player,-0.3333333333333333,0.6666666666666666,3,1.0,3.0,1,-1.0,0.5,2,,,,-1.3333333333333333,-2.3333333333333335,1,0,0,
319,Jesse Lingard,Man United,Attacking Midfielder,27,2019/20,78,Hamstring Injury,2019-10-04,2019-10-23,Loss,West Ham,-2.0,,Draw,Arsenal,0.0,,,,,,Loss,Newcastle,-1.0,Draw,Liverpool,0.0,,,,Win,Norwich City,2.0,,Loss,Bournemouth,-1.0,,Win,Brighton,2.0,,19,2019,10,Oct,26-29,Hamstring,Moderate (15-45d),Squad player,-1.0,0.5,2,-0.5,0.5,2,1.0,2.0,3,,,,-0.5,0.0,0,1,1,
320,Jesse Lingard,Man United,Attacking Midfielder,27,2019/20,78,Ill,2020-01-09,2020-01-14,Win,Newcastle,3.0,,Win,Burnley,2.0,6.1,Loss,Arsenal,-2.0,,Win,Norwich City,4.0,,,,,,,Loss,Burnley,-2.0,,Draw,Wolves,0.0,,,,,,5,2020,1,Jan,26-29,Other,Minor (<=14d),Squad player,1.0,2.0,3,4.0,3.0,1,-1.0,0.5,2,6.1,,,-3.0,-1.0,1,0,0,
321,Juan Mata,Man United,Attacking Midfielder,32,2020/21,78,Muscle Injury,2021-02-25,2021-04-03,Win,Newcastle,2.0,6.0,,,,,,,,,Draw,Chelsea,0.0,Draw,Crystal Palace,0.0,Win,Man City,2.0,Loss,Leicester,-1.0,5.9,Win,Wolves,1.0,7.3,,,,,37,2021,2,Feb,30-33,Thigh / Muscle,Moderate (15-45d),Squad player,2.0,3.0,1,0.6666666666666666,1.6666666666666667,3,0.0,1.5,2,6.0,6.6,0.5999999999999996,1.3333333333333335,1.3333333333333333,1,2,0,Improved
322,Marcus Rashford,Man United,Left Winger,22,2019/20,85,Back Injury,2020-01-16,2020-06-05,Win,Burnley,2.0,7.5,Loss,Arsenal,-2.0,5.8,Win,Norwich City,4.0,9.0,Loss,Liverpool,-2.0,Loss,Burnley,-2.0,Draw,Wolves,0.0,Draw,Tottenham,0.0,6.2,Win,Sheffield,3.0,8.3,Win,Brighton,3.0,,141,2020,1,Jan,22-25,Back,Severe (>90d),Star (top 25%),1.3333333333333333,2.0,3,-1.3333333333333333,0.3333333333333333,3,2.0,2.3333333333333335,3,7.433333333333334,7.25,-0.18333333333333357,2.6666666666666665,1.6666666666666667,0,1,2,Stable
323,Marcus Rashford,Man United,Left Winger,23,2021/22,85,Shoulder Injury,2021-07-14,2021-10-15,,,,,,,,,,,,,Win,Leeds,4.0,Draw,Southampton,0.0,Win,Wolves,1.0,Loss,Leicester,-2.0,,Loss,Liverpool,-5.0,,Win,Tottenham,3.0,,93,2021,7,Jul,22-25,Shoulder / Arm,Severe (>90d),Star (top 25%),,,0,1.6666666666666667,2.3333333333333335,3,-1.3333333333333333,1.0,3,,,,,,2,1,0,
324,Marcus Rashford,Man United,Left Winger,24,2021/22,85,Dead Leg,2022-01-13,2022-01-17,Win,Norwich City,1.0,6.0,Draw,Newcastle,0.0,6.9,Loss,Wolves,-1.0,7.0,Draw,Aston Villa,0.0,,,,,,,Win,Brentford,2.0,7.2,Win,West Ham,1.0,7.0,Draw,Burnley,0.0,,4,2022,1,Jan,22-25,Other,Minor (<=14d),Star (top 25%),0.0,1.3333333333333333,3,0.0,1.0,1,1.0,2.3333333333333335,3,6.633333333333333,7.1,0.4666666666666668,0.0,0.33333333333333326,0,1,0,Improved
325,Marcus Rashford,Man United,Left Winger,24,2021/22,85,Bronchitis,2022-05-04,2022-05-19,Loss,Liverpool,-4.0,5.8,Loss,Arsenal,-2.0,6.0,Draw,Chelsea,0.0,5.3,Loss,Brighton,-4.0,Loss,Crystal Palace,-1.0,,,,Loss,Brighton,-1.0,6.0,Loss,Brentford,-4.0,6.0,Win,Liverpool,2.0,5.8,15,2022,5,May,22-25,Other,Moderate (15-45d),Star (top 25%),-2.0,0.3333333333333333,3,-2.5,0.0,2,-1.0,1.0,3,5.7,5.933333333333334,0.2333333333333334,0.5,0.3333333333333333,0,0,2,Improved
326,Marcus Rashford,Man United,Left Winger,24,2022/23,85,Muscle Injury,2023-04-08,2023-04-19,Loss,Newcastle,-2.0,6.0,Win,Brentford,1.0,6.2,Win,Everton,2.0,6.7,Win,Nottm Forest,2.0,,,,,,,Draw,Tottenham,0.0,6.6,Win,Aston Villa,1.0,5.9,Loss,Brighton,-1.0,6.5,11,2023,4,Apr,22-25,Thigh / Muscle,Minor (<=14d),Star (top 25%),0.3333333333333333,2.0,3,2.0,3.0,1,0.0,1.3333333333333333,3,6.3,6.333333333333333,0.033333333333333215,-1.6666666666666667,-1.0,1,0,0,Stable
327,Marcus Rashford,Man United,Left Winger,25,2022/23,85,Leg Injury,2023-05-11,2023-05-24,Win,Aston Villa,1.0,5.9,Loss,Brighton,-1.0,6.5,Loss,West Ham,-1.0,6.6,Win,Wolves,2.0,Win,Bournemouth,1.0,,,,Win,Chelsea,3.0,7.7,Win,Fulham,1.0,6.5,,,,,13,2023,5,May,22-25,Other,Minor (<=14d),Star (top 25%),-0.3333333333333333,1.0,3,1.5,3.0,2,2.0,3.0,2,6.333333333333333,7.1,0.7666666666666666,-1.8333333333333333,-2.0,2,0,0,Improved
328,Mason Greenwood,Man United,Right Winger,18,2019/20,78,Tonsillitis,2019-09-20,2019-09-23,Draw,Wolves,0.0,,Loss,Crystal Palace,-1.0,,Draw,Southampton,0.0,,Loss,West Ham,-2.0,,,,,,,Draw,Arsenal,0.0,,Loss,Newcastle,-1.0,7.6,Win,Norwich City,2.0,,3,2019,9,Sep,<=21,Other,Minor (<=14d),Squad player,-0.3333333333333333,0.6666666666666666,3,-2.0,0.0,1,0.3333333333333333,1.3333333333333333,3,,7.6,,1.6666666666666667,0.6666666666666666,0,0,1,
329,Mason Greenwood,Man United,Right Winger,19,2020/21,78,Bruise,2020-10-17,2020-11-23,Loss,Tottenham,-5.0,7.6,Draw,Chelsea,0.0,5.5,Loss,Arsenal,-1.0,,Win,Newcastle,3.0,Win,Everton,2.0,Win,West Brom,1.0,Win,Southampton,1.0,7.7,Win,West Ham,2.0,7.1,Draw,Man City,0.0,,37,2020,10,Oct,<=21,Other,Moderate (15-45d),Squad player,-2.0,0.3333333333333333,3,2.0,3.0,3,1.0,2.3333333333333335,3,6.55,7.4,0.8500000000000005,-4.0,-2.6666666666666665,3,0,0,Improved
330,Mason Greenwood,Man United,Right Winger,20,2021/22,78,Coronavirus,2021-11-19,2021-11-27,Loss,Leicester,-2.0,6.9,Loss,Liverpool,-5.0,6.5,Loss,Man City,-2.0,5.9,Loss,Watford,-3.0,,,,,,,Win,Crystal Palace,1.0,6.7,Win,Norwich City,1.0,6.0,Draw,Newcastle,0.0,5.8,8,2021,11,Nov,<=21,Illness,Minor (<=14d),Squad player,-3.0,0.0,3,-3.0,0.0,1,0.6666666666666666,2.3333333333333335,3,6.433333333333334,6.166666666666667,-0.2666666666666666,0.0,0.0,0,0,1,Declined
331,Daniel James,Man United,Right Winger,22,2019/20,77,Knock,2020-02-28,2020-03-07,Draw,Wolves,0.0,,Win,Chelsea,2.0,6.7,Win,Watford,3.0,6.5,Draw,Everton,0.0,,,,,,,Win,Man City,2.0,6.0,Draw,Tottenham,0.0,,Win,Sheffield,3.0,,8,2020,2,Feb,22-25,Other,Minor (<=14d),Squad player,1.6666666666666667,2.3333333333333335,3,0.0,1.0,1,1.6666666666666667,2.3333333333333335,3,6.6,6.0,-0.5999999999999996,1.6666666666666667,1.3333333333333335,0,1,0,Declined
332,Daniel James,Man United,Right Winger,23,2020/21,77,Unknown Injury,2021-04-30,2021-05-21,Draw,Leeds,0.0,6.0,Win,Brighton,1.0,,Win,West Ham,1.0,6.0,Win,Aston Villa,2.0,Loss,Leicester,-1.0,Loss,Liverpool,-2.0,Win,Wolves,1.0,,,,,,,,,,21,2021,4,Apr,22-25,Other,Moderate (15-45d),Squad player,0.6666666666666666,2.3333333333333335,3,-0.3333333333333333,1.0,3,1.0,3.0,1,6.0,,,1.0,1.3333333333333335,1,0,2,
333,Anthony Martial,Man United,Center Forward,24,2019/20,79,Hamstring Strain,2019-08-25,2019-10-20,Win,Chelsea,4.0,,Draw,Wolves,0.0,6.4,Loss,Crystal Palace,-1.0,6.7,Draw,Southampton,0.0,Win,Leicester,1.0,Loss,West Ham,-2.0,Draw,Liverpool,0.0,,Win,Norwich City,2.0,7.2,Loss,Bournemouth,-1.0,5.8,56,2019,8,Aug,22-25,Hamstring,Major (46-90d),Squad player,1.0,1.3333333333333333,3,-0.3333333333333333,1.3333333333333333,3,0.3333333333333333,1.3333333333333333,3,6.550000000000001,6.5,-0.05000000000000071,1.3333333333333333,0.0,1,1,1,Stable
334,Anthony Martial,Man United,Center Forward,25,2020/21,79,Torn Knee Ligaments,2021-03-29,2021-08-02,Win,Newcastle,2.0,,Draw,Chelsea,0.0,6.0,Win,Man City,2.0,,Win,Brighton,1.0,Win,Tottenham,2.0,Win,Burnley,2.0,,,,,,,,,,,,,126,2021,3,Mar,22-25,Knee,Severe (>90d),Squad player,1.3333333333333333,2.3333333333333335,3,1.6666666666666667,3.0,3,,,0,6.0,,,-0.3333333333333335,-0.6666666666666665,3,0,0,
335,Anthony Martial,Man United,Center Forward,26,2021/22,79,Fitness,2021-10-15,2021-10-29,Win,Wolves,1.0,6.0,Win,Newcastle,3.0,6.2,Draw,Everton,0.0,,Loss,Leicester,-2.0,Loss,Liverpool,-5.0,,,,Loss,Watford,-3.0,7.0,Win,Arsenal,1.0,7.0,,,,,14,2021,10,Oct,26-29,Other,Minor (<=14d),Squad player,1.3333333333333333,2.3333333333333335,3,-3.5,0.0,2,-1.0,1.5,2,6.1,7.0,0.9000000000000004,4.833333333333333,2.3333333333333335,0,0,2,Improved
336,Anthony Martial,Man United,Center Forward,26,2021/22,79,Knee Injury,2021-12-04,2021-12-13,Loss,Watford,-3.0,7.0,Win,Arsenal,1.0,7.2,,,,,Win,Crystal Palace,1.0,Win,Norwich City,1.0,,,,Win,West Ham,1.0,7.2,,,,,,,,,9,2021,12,Dec,26-29,Knee,Minor (<=14d),Squad player,-1.0,1.5,2,1.0,3.0,2,1.0,3.0,1,7.1,7.2,0.10000000000000053,-2.0,-1.5,2,0,0,Stable
337,Anthony Martial,Man United,Center Forward,27,2022/23,79,Achilles Tendon Irritation,2022-08-23,2022-09-26,Win,Liverpool,1.0,6.1,,,,,,,,,Win,Southampton,1.0,Win,Leicester,1.0,Win,Arsenal,2.0,Loss,Man City,-3.0,6.9,Win,Everton,1.0,6.7,,,,,34,2022,8,Aug,26-29,Calf / Achilles,Moderate (15-45d),Squad player,1.0,3.0,1,1.3333333333333333,3.0,3,-1.0,1.5,2,6.1,6.800000000000001,0.7000000000000011,-0.33333333333333326,0.0,3,0,0,Improved
338,Anthony Martial,Man United,Center Forward,27,2022/23,79,Back Injury,2022-10-10,2022-10-31,Loss,Man City,-3.0,6.9,Win,Everton,1.0,6.7,,,,,Draw,Newcastle,0.0,Win,Tottenham,,Draw,Chelsea,0.0,Loss,Aston Villa,-2.0,5.9,Win,Fulham,1.0,6.5,Win,Nottm Forest,3.0,7.6,21,2022,10,Oct,26-29,Back,Moderate (15-45d),Squad player,-1.0,1.5,2,0.0,1.6666666666666667,3,0.6666666666666666,2.0,3,6.800000000000001,6.666666666666667,-0.13333333333333375,-1.0,-0.16666666666666674,1,2,0,Stable
339,Anthony Martial,Man United,Center Forward,27,2022/23,79,Hip Injury,2023-02-02,2023-03-08,Win,Wolves,1.0,7.3,Win,Bournemouth,3.0,7.4,Win,Man City,1.0,,Win,Crystal Palace,1.0,Draw,Leeds,0.0,Win,Leeds,2.0,Loss,Newcastle,-2.0,5.5,Win,Brentford,1.0,7.7,Win,Everton,2.0,7.5,34,2023,2,Feb,26-29,Groin / Hip,Moderate (15-45d),Squad player,1.6666666666666667,3.0,3,1.0,2.3333333333333335,3,0.3333333333333333,2.0,3,7.35,6.8999999999999995,-0.4500000000000002,0.6666666666666667,0.6666666666666665,2,1,0,Declined
340,Donny Van De Beek,Man United,Central Midfielder,30,2020/21,77,Muscle Injury,2021-03-01,2021-03-15,Loss,Sheffield,-1.0,,Win,Southampton,9.0,6.5,Draw,West Brom,0.0,,Draw,Crystal Palace,0.0,Win,Man City,2.0,Win,West Ham,1.0,Win,Brighton,1.0,,Win,Burnley,2.0,,Draw,Leeds,0.0,,14,2021,3,Mar,30-33,Thigh / Muscle,Minor (<=14d),Squad player,2.6666666666666665,1.3333333333333333,3,1.0,2.3333333333333335,3,1.0,2.3333333333333335,3,6.5,,,1.6666666666666665,-1.0000000000000002,2,1,0,
341,Donny Van De Beek,Man United,Central Midfielder,32,2022/23,77,Shingles,2022-09-03,2022-10-24,Loss,Brighton,-1.0,6.0,Loss,Brentford,-4.0,6.2,Win,Liverpool,1.0,6.2,Win,Arsenal,2.0,Loss,Man City,-3.0,Win,Everton,1.0,Loss,Aston Villa,-2.0,,Win,Nottm Forest,3.0,5.6,Win,Wolves,1.0,5.2,51,2022,9,Sep,30-33,Other,Major (46-90d),Squad player,-1.3333333333333333,1.0,3,0.0,2.0,3,0.6666666666666666,2.0,3,6.133333333333333,5.4,-0.7333333333333325,-1.3333333333333333,-1.0,2,0,1,Declined
342,Edinson Cavani,Man United,Center Forward,34,2020/21,81,Knock,2020-12-06,2020-12-18,Win,West Brom,1.0,,Win,Southampton,1.0,,Win,West Ham,2.0,6.0,Draw,Man City,0.0,Win,Sheffield,1.0,,,,Win,Leeds,4.0,6.2,Draw,Leicester,0.0,6.4,Win,Wolves,1.0,5.8,12,2020,12,Dec,34+,Other,Minor (<=14d),Star (top 25%),1.3333333333333333,3.0,3,0.5,2.0,2,1.6666666666666667,2.3333333333333335,3,6.0,6.133333333333334,0.13333333333333375,0.8333333333333333,1.0,1,1,0,Stable
343,Edinson Cavani,Man United,Center Forward,34,2020/21,81,Muscle Injury,2021-02-15,2021-03-01,Win,Southampton,9.0,9.2,Draw,Everton,0.0,6.2,Draw,West Brom,0.0,,Win,Newcastle,2.0,Draw,Chelsea,0.0,,,,Draw,Crystal Palace,0.0,5.8,,,,,,,,,14,2021,2,Feb,34+,Thigh / Muscle,Minor (<=14d),Star (top 25%),3.0,1.6666666666666667,3,1.0,2.0,2,0.0,1.0,1,7.699999999999999,5.8,-1.8999999999999995,2.0,-0.33333333333333326,1,1,0,Declined
344,Edinson Cavani,Man United,Center Forward,34,2020/21,81,Knock,2021-03-05,2021-03-21,Draw,Everton,0.0,6.2,Draw,West Brom,0.0,,Draw,Crystal Palace,0.0,,Win,Man City,2.0,Win,West Ham,1.0,,,,Win,Brighton,1.0,5.5,Win,Tottenham,2.0,7.1,Win,Burnley,2.0,,16,2021,3,Mar,34+,Other,Moderate (15-45d),Star (top 25%),0.0,1.0,3,1.5,3.0,2,1.6666666666666667,3.0,3,6.2,6.3,0.09999999999999964,-1.5,-2.0,2,0,0,Stable
345,Edinson Cavani,Man United,Center Forward,35,2021/22,81,Tendon Irritation,2021-11-04,2021-12-22,Draw,Everton,0.0,6.5,Win,Tottenham,3.0,6.2,Loss,Liverpool,-5.0,6.0,Loss,Man City,-2.0,Loss,Watford,-3.0,Draw,Chelsea,0.0,Draw,Newcastle,0.0,6.0,Win,Burnley,2.0,6.2,Loss,Wolves,-1.0,6.0,48,2021,11,Nov,34+,Other,Major (46-90d),Star (top 25%),-0.6666666666666666,1.3333333333333333,3,-1.6666666666666667,0.3333333333333333,3,0.3333333333333333,1.3333333333333333,3,6.233333333333333,6.066666666666666,-0.16666666666666696,1.0,1.0,0,1,2,Stable
346,Edinson Cavani,Man United,Center Forward,35,2021/22,81,Groin Problems,2022-02-11,2022-03-07,Draw,Aston Villa,0.0,6.2,Win,West Ham,1.0,6.4,Draw,Burnley,0.0,5.6,Draw,Southampton,0.0,Win,Brighton,2.0,Win,Leeds,2.0,Win,Tottenham,1.0,5.6,,,,,,,,,24,2022,2,Feb,34+,Groin / Hip,Moderate (15-45d),Star (top 25%),0.3333333333333333,1.6666666666666667,3,1.3333333333333333,2.3333333333333335,3,1.0,3.0,1,6.066666666666667,5.6,-0.4666666666666677,-1.0,-0.6666666666666667,2,1,0,Declined
347,Edinson Cavani,Man United,Center Forward,35,2021/22,81,Calf Injury,2022-04-01,2022-04-30,Win,Tottenham,1.0,5.6,,,,,,,,,Draw,Leicester,0.0,Loss,Everton,-1.0,Win,Norwich City,1.0,Win,Brentford,3.0,6.2,Loss,Brighton,-4.0,5.0,Loss,Crystal Palace,-1.0,5.6,29,2022,4,Apr,34+,Calf / Achilles,Moderate (15-45d),Star (top 25%),1.0,3.0,1,0.0,1.3333333333333333,3,-0.6666666666666666,1.0,3,5.6,5.599999999999999,-8.881784197001252e-16,1.0,1.6666666666666667,1,1,1,Stable
348,Raphael Varane,Man United,Center Back,30,2021/22,85,Groin Injury,2021-10-11,2021-10-26,Win,West Ham,1.0,7.2,Loss,Aston Villa,-1.0,6.2,Draw,Everton,0.0,6.4,Loss,Leicester,-2.0,Loss,Liverpool,-5.0,,,,Win,Tottenham,3.0,6.2,,,,,,,,,15,2021,10,Oct,30-33,Groin / Hip,Moderate (15-45d),Star (top 25%),0.0,1.3333333333333333,3,-3.5,0.0,2,3.0,3.0,1,6.6000000000000005,6.2,-0.40000000000000036,3.5,1.3333333333333333,0,0,2,Declined
349,Raphael Varane,Man United,Center Back,30,2021/22,85,Hamstring Injury,2021-11-02,2021-12-22,Win,Tottenham,3.0,6.2,Draw,Everton,0.0,6.4,Loss,Aston Villa,-1.0,6.2,Loss,Man City,-2.0,Loss,Watford,-3.0,Draw,Chelsea,0.0,Draw,Newcastle,0.0,6.6,Win,Burnley,2.0,6.4,Loss,Wolves,-1.0,6.6,50,2021,11,Nov,30-33,Hamstring,Major (46-90d),Star (top 25%),0.6666666666666666,1.3333333333333333,3,-1.6666666666666667,0.3333333333333333,3,0.3333333333333333,1.3333333333333333,3,6.266666666666667,6.533333333333334,0.2666666666666675,2.3333333333333335,1.0,0,1,2,Improved
350,Raphael Varane,Man United,Center Back,30,2021/22,85,Abdominal Problems,2022-02-14,2022-02-18,Win,West Ham,1.0,7.2,Draw,Burnley,0.0,6.4,Draw,Southampton,0.0,6.3,Win,Brighton,2.0,,,,,,,Win,Leeds,2.0,6.3,Draw,Watford,0.0,6.5,Win,Tottenham,1.0,6.2,4,2022,2,Feb,30-33,Other,Minor (<=14d),Star (top 25%),0.3333333333333333,1.6666666666666667,3,2.0,3.0,1,1.0,2.3333333333333335,3,6.633333333333334,6.333333333333333,-0.3000000000000007,-1.6666666666666667,-1.3333333333333333,1,0,0,Declined
351,Raphael Varane,Man United,Center Back,30,2021/22,85,Muscular Problems,2022-04-03,2022-04-21,Draw,Watford,0.0,6.5,Win,Tottenham,1.0,6.2,Draw,Leicester,0.0,6.9,Loss,Everton,-1.0,Win,Norwich City,1.0,Loss,Liverpool,-4.0,Loss,Arsenal,-2.0,5.7,Draw,Chelsea,0.0,6.1,Win,Brentford,3.0,8.1,18,2022,4,Apr,30-33,Other,Moderate (15-45d),Star (top 25%),0.3333333333333333,1.6666666666666667,3,-1.3333333333333333,1.0,3,0.3333333333333333,1.3333333333333333,3,6.533333333333334,6.633333333333333,0.09999999999999876,1.6666666666666665,0.6666666666666667,1,0,2,Stable
352,Raphael Varane,Man United,Center Back,31,2022/23,85,Leg Injury,2022-10-22,2022-11-14,Draw,Newcastle,0.0,,Win,Tottenham,2.0,6.9,Draw,Chelsea,0.0,,Win,West Ham,1.0,Loss,Aston Villa,-2.0,Win,Fulham,1.0,Win,Nottm Forest,3.0,,Win,Wolves,1.0,6.9,Win,Man City,1.0,6.7,23,2022,10,Oct,30-33,Other,Moderate (15-45d),Star (top 25%),0.6666666666666666,1.6666666666666667,3,0.0,2.0,3,1.6666666666666667,3.0,3,6.9,6.800000000000001,-0.09999999999999964,0.6666666666666666,-0.33333333333333326,2,0,1,Stable
353,Raphael Varane,Man United,Center Back,31,2022/23,85,Foot Injury,2023-04-14,2023-05-08,Draw,Southampton,0.0,6.5,Loss,Newcastle,-2.0,6.0,Win,Brentford,1.0,7.3,Win,Nottm Forest,2.0,Draw,Tottenham,0.0,Win,Aston Villa,1.0,Win,Wolves,2.0,6.9,Win,Bournemouth,1.0,7.2,Win,Chelsea,3.0,6.3,24,2023,4,Apr,30-33,Foot,Moderate (15-45d),Star (top 25%),-0.3333333333333333,1.3333333333333333,3,1.0,2.3333333333333335,3,2.0,3.0,3,6.6000000000000005,6.800000000000001,0.20000000000000018,-1.3333333333333333,-1.0000000000000002,2,1,0,Improved
354,Christiano Ronaldo,Man United,Center Forward,39,2021/22,90,Hip Flexor Problems,2022-01-10,2022-01-17,Draw,Newcastle,0.0,8.0,Win,Burnley,2.0,7.0,Loss,Wolves,-1.0,7.0,Draw,Aston Villa,0.0,,,,,,,Win,Brentford,2.0,7.0,Win,West Ham,1.0,7.0,Draw,Burnley,0.0,7.0,7,2022,1,Jan,34+,Groin / Hip,Minor (<=14d),Star (top 25%),0.3333333333333333,1.3333333333333333,3,0.0,1.0,1,1.0,2.3333333333333335,3,7.333333333333333,7.0,-0.33333333333333304,0.3333333333333333,0.33333333333333326,0,1,0,Declined
355,Christiano Ronaldo,Man United,Center Forward,39,2021/22,90,Hip Flexor Problems,2022-03-03,2022-03-07,Win,Brighton,2.0,7.0,Win,Leeds,2.0,6.0,Draw,Watford,0.0,7.0,Loss,Man City,-3.0,,,,,,,Win,Tottenham,1.0,7.0,Loss,Everton,-1.0,8.0,Win,Norwich City,1.0,6.0,4,2022,3,Mar,34+,Groin / Hip,Minor (<=14d),Star (top 25%),1.3333333333333333,2.3333333333333335,3,-3.0,0.0,1,0.3333333333333333,2.0,3,6.666666666666667,7.0,0.33333333333333304,4.333333333333333,2.3333333333333335,0,0,1,Improved
356,Lisandro Martinez,Man United,Center Back,28,2022/23,84,Metatarsal Fracture,2023-04-14,2023-06-30,Loss,Newcastle,-2.0,,Win,Brentford,1.0,7.8,Win,Everton,2.0,7.4,Win,Nottm Forest,2.0,Draw,Tottenham,0.0,Win,Aston Villa,1.0,,,,,,,,,,,,,77,2023,4,Apr,26-29,Foot,Major (46-90d),Star (top 25%),0.3333333333333333,2.0,3,1.0,2.3333333333333335,3,,,0,7.6,,,-0.6666666666666667,-0.3333333333333335,2,1,0,
357,Christian Eriksen,Man United,Central Midfielder,33,2022/23,83,Ankle Injury,2023-01-29,2023-04-06,Win,Man City,1.0,,Draw,Crystal Palace,0.0,6.0,Loss,Arsenal,-1.0,6.3,Win,Crystal Palace,1.0,Draw,Leeds,0.0,Win,Leeds,2.0,Win,Everton,2.0,6.0,Win,Nottm Forest,2.0,7.2,Draw,Tottenham,0.0,7.0,67,2023,1,Jan,30-33,Ankle,Major (46-90d),Star (top 25%),0.0,1.3333333333333333,3,1.0,2.3333333333333335,3,1.3333333333333333,2.3333333333333335,3,6.15,6.733333333333333,0.583333333333333,-1.0,-1.0000000000000002,2,1,0,Improved
358,Marcel Sabitzer,Man United,Central Midfielder,32,2022/23,81,Unknown Injury,2023-03-06,2023-03-14,Win,Leeds,2.0,6.0,Win,Leicester,3.0,6.9,Loss,Liverpool,-7.0,7.0,Draw,Southampton,0.0,,,,,,,Loss,Newcastle,-2.0,6.1,Win,Brentford,1.0,7.1,Win,Everton,2.0,,8,2023,3,Mar,30-33,Other,Minor (<=14d),Star (top 25%),-0.6666666666666666,2.0,3,0.0,1.0,1,0.3333333333333333,2.0,3,6.633333333333333,6.6,-0.033333333333333215,-0.6666666666666666,1.0,0,1,0,Stable
359,Marcel Sabitzer,Man United,Central Midfielder,32,2022/23,81,Groin Problems,2023-04-16,2023-04-19,Loss,Newcastle,-2.0,6.1,Win,Brentford,1.0,6.4,Win,Everton,2.0,,Win,Nottm Forest,2.0,,,,,,,Win,Aston Villa,1.0,6.3,Loss,Brighton,-1.0,7.0,Loss,West Ham,-1.0,,3,2023,4,Apr,30-33,Groin / Hip,Minor (<=14d),Star (top 25%),0.3333333333333333,2.0,3,2.0,3.0,1,-0.3333333333333333,1.0,3,6.25,6.65,0.40000000000000036,-1.6666666666666667,-1.0,1,0,0,Improved
360,Marcel Sabitzer,Man United,Central Midfielder,32,2022/23,81,Meniscus Injury,2023-05-10,2023-06-15,Win,Aston Villa,1.0,6.3,Loss,Brighton,-1.0,7.0,Loss,West Ham,-1.0,,Win,Wolves,2.0,Win,Bournemouth,1.0,Win,Chelsea,3.0,,,,,,,,,,,,,36,2023,5,May,30-33,Knee,Moderate (15-45d),Star (top 25%),-0.3333333333333333,1.0,3,2.0,3.0,3,,,0,6.65,,,-2.3333333333333335,-2.0,3,0,0,
361,Jadon Sancho,Man United,Left Winger,19,2021/22,82,Tonsillitis,2022-04-26,2022-05-08,Win,Norwich City,1.0,,Loss,Liverpool,-4.0,5.0,Loss,Arsenal,-2.0,6.6,Draw,Chelsea,0.0,Win,Brentford,,Loss,Brighton,-4.0,,,,,,,,,,,,,12,2022,4,Apr,<=21,Other,Minor (<=14d),Star (top 25%),-1.6666666666666667,1.0,3,-2.0,1.3333333333333333,3,,,0,5.8,,,0.33333333333333326,-0.33333333333333326,1,1,1,
362,Jadon Sancho,Man United,Left Winger,20,2022/23,82,Depression,2022-12-26,2023-01-31,Draw,Newcastle,0.0,6.0,Win,Tottenham,2.0,6.0,Draw,Chelsea,0.0,,Win,Nottm Forest,3.0,Win,Wolves,1.0,Win,Bournemouth,3.0,Draw,Leeds,0.0,6.2,Win,Leeds,2.0,6.2,Win,Leicester,3.0,,36,2022,12,Dec,<=21,Other,Moderate (15-45d),Star (top 25%),0.6666666666666666,1.6666666666666667,3,2.3333333333333335,3.0,3,1.6666666666666667,2.3333333333333335,3,6.0,6.2,0.20000000000000018,-1.666666666666667,-1.3333333333333333,3,0,0,Improved
363,David Raya,Brentford,Goalkeeper,26,2021/22,80,Knee Injury,2021-10-25,2022-02-04,Win,West Ham,1.0,6.9,Loss,Chelsea,-1.0,6.3,Loss,Leicester,-1.0,6.5,Loss,Burnley,-2.0,Loss,Norwich City,-1.0,Draw,Newcastle,0.0,Loss,Man City,-2.0,5.5,Draw,Crystal Palace,0.0,7.0,Loss,Arsenal,-1.0,6.5,102,2021,10,Oct,26-29,Knee,Severe (>90d),Squad player,-0.3333333333333333,1.0,3,-1.0,0.3333333333333333,3,-1.0,0.3333333333333333,3,6.566666666666666,6.333333333333333,-0.2333333333333334,0.6666666666666667,0.6666666666666667,0,1,2,Declined
364,Kristoffer Ajer,Brentford,Center Back,24,2021/22,76,Hamstring Injury,2022-07-09,2022-08-31,Win,Southampton,3.0,8.1,Win,Everton,1.0,,Loss,Leeds,-1.0,7.0,Draw,Leicester,0.0,Win,Man United,4.0,Loss,Fulham,-1.0,Loss,Arsenal,-3.0,7.4,Draw,Bournemouth,0.0,7.0,Loss,Newcastle,-4.0,,53,2022,7,Jul,22-25,Hamstring,Major (46-90d),Squad player,1.0,2.0,3,1.0,1.3333333333333333,3,-2.3333333333333335,0.3333333333333333,3,7.55,7.2,-0.34999999999999964,0.0,0.6666666666666667,1,1,1,Declined
365,Kristoffer Ajer,Brentford,Center Back,26,2023/24,76,Foot Injury,2023-12-02,2024-01-16,Win,West Ham,1.0,,Loss,Liverpool,-3.0,5.1,Loss,Arsenal,-1.0,5.9,Win,Luton Town,2.0,Loss,Brighton,-1.0,Loss,Sheffield,-1.0,Win,Nottm Forest,1.0,,Loss,Tottenham,-1.0,,Loss,Man City,-2.0,,45,2023,12,Dec,26-29,Foot,Moderate (15-45d),Squad player,-1.0,1.0,3,0.0,1.0,3,-0.6666666666666666,1.0,3,5.5,,,-1.0,0.0,1,0,2,
366,Kristoffer Ajer,Brentford,Center Back,26,2023/24,76,Calf Strain,2024-04-06,2024-04-20,Draw,Man United,0.0,7.6,Draw,Brighton,0.0,6.7,Draw,Aston Villa,0.0,5.6,Win,Sheffield,2.0,,,,,,,Win,Luton Town,4.0,,Loss,Everton,-1.0,,Draw,Fulham,0.0,,14,2024,4,Apr,26-29,Calf / Achilles,Minor (<=14d),Squad player,0.0,1.0,3,2.0,3.0,1,1.0,1.3333333333333333,3,6.633333333333333,,,-2.0,-2.0,1,0,0,
367,Ethan Pinnock,Brentford,Center Back,29,2023/24,79,Ankle Injury,2024-02-10,2024-04-13,Loss,Tottenham,-1.0,6.0,Loss,Man City,-2.0,5.6,Win,Wolves,2.0,6.9,Loss,Liverpool,-3.0,Loss,Man City,-1.0,Loss,West Ham,-2.0,Win,Sheffield,2.0,,Win,Luton Town,4.0,,Loss,Everton,-1.0,6.4,63,2024,2,Feb,26-29,Ankle,Major (46-90d),Squad player,-0.3333333333333333,1.0,3,-2.0,0.0,3,1.6666666666666667,2.0,3,6.166666666666667,6.4,0.2333333333333334,1.6666666666666667,1.0,0,0,3,Improved
368,Rico Henry,Brentford,Left Back,24,2023/24,75,Knee Injury,2023-09-16,2024-10-05,Draw,Crystal Palace,0.0,5.6,Draw,Bournemouth,0.0,6.2,Loss,Newcastle,-1.0,6.0,Loss,Everton,-2.0,Draw,Nottm Forest,0.0,Loss,Man United,-1.0,,,,,,,,,,,,,385,2023,9,Sep,22-25,Knee,Severe (>90d),Squad player,-0.3333333333333333,0.6666666666666666,3,-1.0,0.3333333333333333,3,,,0,5.933333333333334,,,0.6666666666666667,0.3333333333333333,0,1,2,
369,Christian Norgaard,Brentford,Defensive Midfielder,30,2023/24,77,Foot Injury,2024-01-05,2024-01-30,Loss,Aston Villa,-1.0,,Loss,Wolves,-3.0,7.1,Loss,Crystal Palace,-2.0,,Win,Nottm Forest,1.0,,,,,,,Loss,Tottenham,-1.0,7.1,Loss,Man City,-2.0,6.2,Win,Wolves,1.0,7.1,25,2024,1,Jan,30-33,Foot,Moderate (15-45d),Squad player,-2.0,0.0,3,1.0,3.0,1,-0.6666666666666666,1.0,3,7.1,6.8,-0.2999999999999998,-3.0,-3.0,1,0,0,Declined
370,Christian Norgaard,Brentford,Defensive Midfielder,30,2023/24,77,Back Injury,2024-03-09,2024-04-16,Loss,West Ham,-2.0,6.8,Draw,Chelsea,0.0,7.5,Loss,Arsenal,-1.0,,Loss,Burnley,-1.0,Draw,Man United,0.0,Draw,Brighton,0.0,Win,Luton Town,4.0,,Loss,Everton,-1.0,,Draw,Fulham,0.0,,38,2024,3,Mar,30-33,Back,Moderate (15-45d),Squad player,-1.0,0.3333333333333333,3,-0.3333333333333333,0.6666666666666666,3,1.0,1.3333333333333333,3,7.15,,,-0.6666666666666667,-0.3333333333333333,0,2,1,
371,Vitaly Janelt,Brentford,Defensive Midfielder,24,2022/23,76,Knee Injury,2023-03-15,2023-04-06,Win,Fulham,1.0,,Loss,Everton,-1.0,,Win,Southampton,2.0,,Draw,Leicester,0.0,Draw,Brighton,0.0,Loss,Man United,-1.0,Loss,Newcastle,-1.0,,Loss,Wolves,-2.0,,Draw,Aston Villa,0.0,,22,2023,3,Mar,22-25,Knee,Moderate (15-45d),Squad player,0.6666666666666666,2.0,3,-0.3333333333333333,0.6666666666666666,3,-1.0,0.3333333333333333,3,,,,1.0,1.3333333333333335,0,2,1,
372,Christian Eriksen,Brentford,Central Midfielder,30,2021/22,81,Fitness,2022-01-31,2022-02-25,,,,,,,,,,,,,Loss,Man City,-2.0,Draw,Crystal Palace,0.0,Loss,Arsenal,-1.0,Loss,Newcastle,-2.0,,Win,Norwich City,2.0,5.2,Win,Burnley,2.0,7.3,25,2022,1,Jan,30-33,Other,Moderate (15-45d),Star (top 25%),,,0,-1.0,0.3333333333333333,3,0.6666666666666666,2.0,3,,6.25,,,,0,1,2,
373,Mathias Jensen,Brentford,Central Midfielder,26,2021/22,77,Leg Injury,2021-07-07,2021-08-31,,,,,,,,,,,,,Win,Arsenal,2.0,Draw,Crystal Palace,0.0,,,,Draw,Aston Villa,0.0,,Loss,Brighton,-1.0,,,,,,55,2021,7,Jul,26-29,Other,Major (46-90d),Squad player,,,0,1.0,2.0,2,-0.5,0.5,2,,,,,,1,1,0,
374,Josh Dasilva,Brentford,Central Midfielder,23,2023/24,73,Hamstring Injury,2023-08-19,2024-01-04,Win,Fulham,3.0,,,,,,,,,,Draw,Crystal Palace,0.0,Draw,Bournemouth,0.0,Loss,Newcastle,-1.0,Win,Nottm Forest,1.0,,Loss,Tottenham,-1.0,,,,,,138,2023,8,Aug,22-25,Hamstring,Severe (>90d),Squad player,3.0,3.0,1,-0.3333333333333333,0.6666666666666666,3,0.0,1.5,2,,,,3.3333333333333335,2.3333333333333335,0,2,1,
375,Josh Dasilva,Brentford,Central Midfielder,23,2023/24,73,Ankle Injury,2023-12-06,2024-03-30,Win,Fulham,3.0,,,,,,,,,,Loss,Brighton,-1.0,Loss,Sheffield,-1.0,Loss,Aston Villa,-1.0,Win,Nottm Forest,1.0,,Loss,Tottenham,-1.0,,,,,,115,2023,12,Dec,22-25,Ankle,Severe (>90d),Squad player,3.0,3.0,1,-1.0,0.0,3,0.0,1.5,2,,,,4.0,3.0,0,0,3,
376,Josh Dasilva,Brentford,Central Midfielder,23,2023/24,73,Knee Surgery,2024-02-05,2025-03-15,Win,Nottm Forest,1.0,,Loss,Tottenham,-1.0,,,,,,Loss,Man City,-2.0,Win,Wolves,2.0,Loss,Liverpool,-3.0,,,,,,,,,,,,,404,2024,2,Feb,22-25,Knee,Severe (>90d),Squad player,0.0,1.5,2,-1.0,1.0,3,,,0,,,,1.0,0.5,1,0,2,
377,Frank Onyeka,Brentford,Central Midfielder,24,2021/22,73,Ankle Injury,2022-03-25,2022-05-16,Loss,Man City,-2.0,,Win,Norwich City,2.0,,Win,Burnley,2.0,,Win,Chelsea,3.0,Win,West Ham,2.0,Win,Watford,1.0,,,,,,,,,,,,,52,2022,3,Mar,22-25,Ankle,Major (46-90d),Squad player,0.6666666666666666,2.0,3,2.0,3.0,3,,,0,,,,-1.3333333333333335,-1.0,3,0,0,
378,Frank Onyeka,Brentford,Central Midfielder,25,2022/23,73,Thigh Problems,2023-03-25,2023-04-09,Loss,Everton,-1.0,5.6,Win,Southampton,2.0,5.6,,,,,Draw,Brighton,0.0,Loss,Man United,-1.0,Loss,Newcastle,-1.0,Draw,Aston Villa,0.0,,Win,Chelsea,2.0,,Win,Nottm Forest,1.0,,15,2023,3,Mar,22-25,Thigh / Muscle,Moderate (15-45d),Squad player,0.5,1.5,2,-0.6666666666666666,0.3333333333333333,3,1.0,2.3333333333333335,3,5.6,,,1.1666666666666665,1.1666666666666667,0,1,2,
379,Shandon Baptiste,Brentford,Central Midfielder,24,2023/24,70,Shoulder Injury,2023-08-25,2023-11-11,Draw,Tottenham,0.0,,,,,,,,,,Win,Fulham,3.0,Draw,Crystal Palace,0.0,Draw,Bournemouth,0.0,Loss,Arsenal,-1.0,,Win,Luton Town,2.0,6.2,Loss,Brighton,-1.0,,78,2023,8,Aug,22-25,Shoulder / Arm,Major (46-90d),Squad player,0.0,1.0,1,1.0,1.6666666666666667,3,0.0,1.0,3,,6.2,,-1.0,-0.6666666666666667,1,2,0,
380,Samman Ghoddos,Brentford,Attacking Midfielder,28,2021/22,71,Coronavirus,2022-03-19,2022-03-26,Loss,Man City,-1.0,,Draw,Crystal Palace,0.0,,Loss,Arsenal,-1.0,,Loss,Leicester,-1.0,,,,,,,Win,Watford,1.0,,Draw,Tottenham,0.0,,,,,,7,2022,3,Mar,26-29,Illness,Minor (<=14d),Squad player,-0.6666666666666666,0.3333333333333333,3,-1.0,0.0,1,0.5,2.0,2,,,,0.33333333333333337,0.3333333333333333,0,0,1,
381,Bryan Mbeumo,Brentford,Right Winger,22,2023/24,80,Ankle Injury,2023-12-07,2024-03-12,Loss,Arsenal,-1.0,6.0,Win,Luton Town,2.0,8.2,Loss,Brighton,-1.0,,Loss,Sheffield,-1.0,Loss,Aston Villa,-1.0,Loss,Wolves,-3.0,Loss,Burnley,-1.0,,Draw,Man United,0.0,,Draw,Brighton,0.0,,96,2023,12,Dec,22-25,Ankle,Severe (>90d),Squad player,0.0,1.0,3,-1.6666666666666667,0.0,3,-0.3333333333333333,0.6666666666666666,3,7.1,,,1.6666666666666667,1.0,0,0,3,
382,Sergi Canos,Brentford,Right Winger,25,2022/23,72,Hamstring Injury,2022-08-01,2022-09-05,,,,,,,,,,,,,Draw,Leicester,0.0,Win,Man United,2.0,Loss,Fulham,-1.0,Win,Brighton,2.0,5.6,Loss,Aston Villa,-4.0,5.2,Draw,Wolves,0.0,5.6,35,2022,8,Aug,22-25,Hamstring,Moderate (15-45d),Squad player,,,0,0.3333333333333333,1.3333333333333333,3,-0.6666666666666666,1.3333333333333333,3,,5.466666666666666,,,,1,1,1,
383,Yoane Wissa,Brentford,Center Forward,25,2023/24,79,Ankle Injury,2024-09-14,2024-11-30,Loss,Liverpool,-2.0,,Win,Southampton,2.0,6.0,Loss,Man City,-1.0,,Loss,Tottenham,-2.0,Draw,West Ham,0.0,Win,Wolves,2.0,,,,,,,,,,,,,77,2024,9,Sep,22-25,Ankle,Major (46-90d),Squad player,-0.3333333333333333,1.0,3,0.0,1.3333333333333333,3,,,0,6.0,,,-0.3333333333333333,-0.33333333333333326,1,1,1,
384,Ben Mee,Brentford,Center Back,33,2023/24,79,Muscle Injury,2023-09-26,2023-10-20,Draw,Bournemouth,0.0,6.1,Loss,Newcastle,-1.0,5.6,,,,,Loss,Everton,-2.0,Draw,Nottm Forest,0.0,Loss,Man United,-1.0,Win,West Ham,1.0,,Loss,Liverpool,-3.0,5.2,Loss,Arsenal,-1.0,6.8,24,2023,9,Sep,30-33,Thigh / Muscle,Moderate (15-45d),Squad player,-0.5,0.5,2,-1.0,0.3333333333333333,3,-1.0,1.0,3,5.85,6.0,0.15000000000000036,0.5,0.16666666666666669,0,1,2,Stable
385,Ben Mee,Brentford,Center Back,33,2023/24,79,Ankle Injury,2024-02-26,2024-06-30,Loss,Liverpool,-3.0,5.2,Loss,Man City,-1.0,5.8,Loss,West Ham,-2.0,5.6,Draw,Chelsea,0.0,Loss,Arsenal,-1.0,Loss,Burnley,-1.0,,,,,,,,,,,,,125,2024,2,Feb,30-33,Ankle,Severe (>90d),Squad player,-2.0,0.0,3,-0.6666666666666666,0.3333333333333333,3,,,0,5.533333333333334,,,-1.3333333333333335,-0.3333333333333333,0,1,2,
386,Aaron Hickey,Brentford,Right Back,21,2022/23,76,Ankle Injury,2022-10-10,2022-12-31,Loss,Arsenal,-3.0,6.8,Draw,Bournemouth,0.0,,Loss,Newcastle,-4.0,,Win,Brighton,2.0,Draw,Chelsea,0.0,Loss,Aston Villa,-4.0,Win,Southampton,3.0,,Draw,Crystal Palace,0.0,,Win,Fulham,1.0,,82,2022,10,Oct,<=21,Ankle,Major (46-90d),Squad player,-2.3333333333333335,0.3333333333333333,3,-0.6666666666666666,1.3333333333333333,3,1.3333333333333333,2.3333333333333335,3,6.8,,,-1.666666666666667,-1.0,1,1,1,
387,Aaron Hickey,Brentford,Right Back,22,2023/24,76,Hamstring Injury,2023-11-02,2025-04-02,Draw,Nottm Forest,0.0,,Loss,Man United,-1.0,5.1,Win,Chelsea,2.0,5.6,Win,West Ham,1.0,Loss,Liverpool,-3.0,Loss,Arsenal,-1.0,,,,,,,,,,,,,517,2023,11,Nov,22-25,Hamstring,Severe (>90d),Squad player,0.3333333333333333,1.3333333333333333,3,-1.0,1.0,3,,,0,5.35,,,1.3333333333333333,0.33333333333333326,1,0,2,
388,Kevin Schade,Brentford,Left Winger,21,2023/24,72,Adductor Injury,2023-09-23,2024-04-10,Draw,Crystal Palace,0.0,,Draw,Bournemouth,0.0,,Loss,Newcastle,-1.0,,Loss,Everton,-2.0,Draw,Nottm Forest,0.0,Loss,Man United,-1.0,Win,Sheffield,2.0,,Win,Luton Town,5.0,,Loss,Everton,-1.0,,200,2023,9,Sep,<=21,Groin / Hip,Severe (>90d),Squad player,-0.3333333333333333,0.6666666666666666,3,-1.0,0.3333333333333333,3,2.0,2.0,3,,,,0.6666666666666667,0.3333333333333333,0,1,2,
389,Mikkel Damsgaard,Brentford,Left Winger,22,2023/24,73,Knee Surgery,2023-09-29,2023-12-05,Draw,Tottenham,0.0,,Win,Fulham,3.0,,,,,,Draw,Crystal Palace,0.0,Draw,Bournemouth,0.0,Loss,Newcastle,-1.0,Loss,Brighton,-1.0,,Loss,Sheffield,-1.0,,Loss,Aston Villa,-1.0,,67,2023,9,Sep,22-25,Knee,Major (46-90d),Squad player,1.5,2.0,2,-0.3333333333333333,0.6666666666666666,3,-1.0,0.0,3,,,,1.8333333333333333,1.3333333333333335,0,2,1,
390,Mikkel Damsgaard,Brentford,Left Winger,22,2023/24,73,Adductor Pain,2023-08-26,2023-09-27,Draw,Tottenham,0.0,,Win,Fulham,3.0,,,,,,Draw,Nottm Forest,0.0,Loss,Man United,-1.0,Win,Burnley,3.0,Loss,Brighton,-1.0,,Loss,Sheffield,-1.0,,Loss,Aston Villa,-1.0,,32,2023,8,Aug,22-25,Groin / Hip,Moderate (15-45d),Squad player,1.5,2.0,2,0.6666666666666666,1.3333333333333333,3,-1.0,0.0,3,,,,0.8333333333333334,0.6666666666666667,1,1,1,
391,Keane Lewis-Potter,Brentford,Left Winger,22,2022/23,73,Knee Injury,2023-03-05,2023-05-02,Win,Liverpool,2.0,,Win,Bournemouth,2.0,5.4,Draw,Crystal Palace,0.0,,Win,Fulham,1.0,Loss,Everton,-1.0,Win,Southampton,2.0,,,,,,,,,,,,,58,2023,3,Mar,22-25,Knee,Major (46-90d),Squad player,1.3333333333333333,2.3333333333333335,3,0.6666666666666666,2.0,3,,,0,5.4,,,0.6666666666666666,0.3333333333333335,2,0,1,
392,Keane Lewis-Potter,Brentford,Left Winger,22,2022/23,73,Fitness,2022-10-11,2022-10-31,Draw,Everton,0.0,,Draw,Crystal Palace,0.0,,Win,Leeds,3.0,5.2,Loss,Aston Villa,-4.0,,,,,,,Draw,Wolves,0.0,5.2,Draw,Nottm Forest,0.0,5.6,Win,Liverpool,2.0,,20,2022,10,Oct,22-25,Other,Moderate (15-45d),Squad player,1.0,1.6666666666666667,3,-4.0,0.0,1,0.6666666666666666,1.6666666666666667,3,5.2,5.4,0.20000000000000018,5.0,1.6666666666666667,0,0,1,Improved
393,Keane Lewis-Potter,Brentford,Left Winger,22,2022/23,73,Ligament Injury,2022-09-05,2022-10-10,Draw,Everton,0.0,,Draw,Crystal Palace,0.0,,Win,Leeds,3.0,5.2,Loss,Arsenal,-3.0,Draw,Bournemouth,0.0,Loss,Newcastle,-4.0,Draw,Wolves,0.0,5.2,Draw,Nottm Forest,0.0,5.6,Win,Liverpool,2.0,,35,2022,9,Sep,22-25,Ligament / Fracture,Moderate (15-45d),Squad player,1.0,1.6666666666666667,3,-2.3333333333333335,0.3333333333333333,3,0.6666666666666666,1.6666666666666667,3,5.2,5.4,0.20000000000000018,3.3333333333333335,1.3333333333333335,0,1,2,Improved
394,Mark Flekken,Brentford,Goalkeeper,31,2023/24,79,Cold,2023-10-03,2023-10-19,Loss,Newcastle,-1.0,5.7,Loss,Everton,-2.0,6.0,Draw,Nottm Forest,0.0,6.3,Loss,Man United,-1.0,,,,,,,Win,Burnley,3.0,6.4,Win,Chelsea,2.0,6.6,Win,West Ham,1.0,,16,2023,10,Oct,30-33,Other,Moderate (15-45d),Squad player,-1.0,0.3333333333333333,3,-1.0,0.0,1,2.0,3.0,3,6.0,6.5,0.5,0.0,0.3333333333333333,0,0,1,Improved
395,Nathan Collins,Brentford,Center Back,23,2023/24,75,Injury To The Ankle,2023-11-18,2023-12-15,Win,Chelsea,2.0,7.5,Win,West Ham,1.0,7.8,Loss,Liverpool,-3.0,6.7,Loss,Arsenal,-1.0,Win,Luton Town,2.0,Loss,Brighton,-1.0,Loss,Aston Villa,-1.0,,Loss,Wolves,-3.0,3.9,Loss,Crystal Palace,-2.0,6.4,27,2023,11,Nov,22-25,Ankle,Moderate (15-45d),Squad player,0.0,2.0,3,0.0,1.0,3,-2.0,0.0,3,7.333333333333333,5.15,-2.1833333333333327,0.0,1.0,1,0,2,Declined
396,Nathan Collins,Brentford,Center Back,23,2023/24,75,Unknown Injury,2024-05-17,2024-06-26,Loss,Everton,-1.0,6.7,Draw,Fulham,0.0,7.2,Win,Bournemouth,1.0,6.2,Loss,Newcastle,-2.0,,,,,,,,,,,,,,,,,,,40,2024,5,May,22-25,Other,Moderate (15-45d),Squad player,0.0,1.3333333333333333,3,-2.0,0.0,1,,,0,6.7,,,2.0,1.3333333333333333,0,0,1,
397,Heungmin Son,Tottenham,Left Winger,30,2021/22,89,Hamstring Injury,2022-01-06,2022-02-03,Win,Crystal Palace,3.0,7.7,Draw,Southampton,0.0,7.7,Win,Watford,1.0,6.7,Win,Leicester,1.0,Loss,Chelsea,2.0,,,,Loss,Southampton,-1.0,7.3,Loss,Wolves,-2.0,6.8,Win,Man City,1.0,8.1,28,2022,1,Jan,30-33,Hamstring,Moderate (15-45d),Star (top 25%),1.3333333333333333,2.3333333333333335,3,1.5,1.5,2,-0.6666666666666666,1.0,3,7.366666666666667,7.3999999999999995,0.03333333333333233,-0.16666666666666674,0.8333333333333335,1,0,1,Stable
398,Oliver Skipp,Tottenham,Defensive Midfielder,19,2019/20,67,Hip Injury,2019-11-09,2019-12-04,Draw,Sheffield,0.0,7.3,Win,West Ham,1.0,6.8,Win,Bournemouth,1.0,6.9,Draw,Everton,0.0,Win,Aston Villa,1.0,Draw,Man City,0.0,Win,Burnley,5.0,6.8,,,,,,,,,25,2019,11,Nov,<=21,Groin / Hip,Moderate (15-45d),Squad player,0.6666666666666666,2.3333333333333335,3,0.3333333333333333,1.6666666666666667,3,5.0,3.0,1,7.0,6.8,-0.20000000000000018,0.3333333333333333,0.6666666666666667,1,2,0,Declined
399,Harry Kane,Tottenham,Center Forward,26,2019/20,89,Ill,2019-11-01,2019-11-04,Loss,Brighton,-3.0,5.5,Draw,Watford,0.0,5.9,Loss,Liverpool,-1.0,6.8,Draw,Everton,0.0,,,,,,,Draw,Sheffield,0.0,5.8,Win,West Ham,1.0,7.5,Win,Bournemouth,1.0,6.6,3,2019,11,Nov,26-29,Other,Minor (<=14d),Star (top 25%),-1.3333333333333333,0.3333333333333333,3,0.0,1.0,1,0.6666666666666666,2.3333333333333335,3,6.066666666666666,6.633333333333333,0.5666666666666664,-1.3333333333333333,-0.6666666666666667,0,1,0,Improved
400,Harry Kane,Tottenham,Center Forward,27,2019/20,89,Torn Thigh Muscle,2020-01-02,2020-03-09,Win,Brighton,1.0,7.6,Draw,Norwich City,0.0,6.9,Loss,Southampton,-1.0,6.7,Loss,Liverpool,-1.0,Draw,Watford,0.0,Win,Norwich City,1.0,Draw,Man United,0.0,7.2,Win,West Ham,2.0,7.4,Loss,Sheffield,-2.0,7.5,67,2020,1,Jan,26-29,Thigh / Muscle,Major (46-90d),Star (top 25%),0.0,1.3333333333333333,3,0.0,1.3333333333333333,3,0.0,1.3333333333333333,3,7.066666666666666,7.366666666666667,0.3000000000000007,0.0,0.0,1,1,1,Improved
401,Harry Kane,Tottenham,Center Forward,27,2019/20,89,Fitness,2020-03-09,2020-04-01,Win,Brighton,1.0,6.9,Draw,Norwich City,0.0,6.5,Loss,Southampton,-1.0,7.6,Loss,Liverpool,-1.0,Draw,Watford,0.0,Win,Norwich City,1.0,Draw,Man United,0.0,6.5,Win,West Ham,2.0,7.9,Loss,Sheffield,-2.0,6.6,23,2020,3,Mar,26-29,Other,Moderate (15-45d),Star (top 25%),0.0,1.3333333333333333,3,0.0,1.3333333333333333,3,0.0,1.3333333333333333,3,7.0,7.0,0.0,0.0,0.0,1,1,1,Stable
402,Hugo Lloris,Tottenham,Goalkeeper,33,2019/20,88,Groin Strain,2020-02-06,2020-03-06,Win,Norwich City,1.0,6.9,Win,Man City,2.0,7.4,Loss,Chelsea,-1.0,6.3,Loss,Wolves,-1.0,,,,,,,Draw,Burnley,0.0,6.8,Draw,Man United,0.0,6.5,Win,West Ham,2.0,6.8,29,2020,2,Feb,30-33,Groin / Hip,Moderate (15-45d),Star (top 25%),0.6666666666666666,2.0,3,-1.0,0.0,1,0.6666666666666666,1.6666666666666667,3,6.866666666666667,6.7,-0.16666666666666696,1.6666666666666665,2.0,0,0,1,Stable
403,Ryan Sessegnon,Tottenham,Left Back,22,2021/22,75,Hamstring Injury,2022-03-07,2022-04-07,Loss,Burnley,-1.0,5.9,Win,Leeds,4.0,6.4,Win,Everton,5.0,7.4,Loss,Man United,-1.0,Win,Brighton,2.0,Win,West Ham,2.0,Draw,Brentford,0.0,7.8,Win,Leicester,2.0,7.3,Draw,Liverpool,0.0,7.4,31,2022,3,Mar,22-25,Hamstring,Moderate (15-45d),Squad player,2.6666666666666665,2.0,3,1.0,2.0,3,0.6666666666666666,1.6666666666666667,3,6.566666666666667,7.5,0.9333333333333327,1.6666666666666665,0.0,2,0,1,Improved
404,Tanguy Ndombele,Tottenham,Central Midfielder,23,2020/21,80,Unknown Injury,2020-12-05,2020-12-08,Win,West Brom,1.0,6.2,Win,Man City,2.0,6.9,Draw,Chelsea,0.0,6.6,Win,Arsenal,2.0,,,,,,,Draw,Crystal Palace,0.0,6.5,Loss,Leicester,-2.0,5.9,Draw,Wolves,1.0,7.3,3,2020,12,Dec,22-25,Other,Minor (<=14d),Squad player,1.0,2.3333333333333335,3,2.0,3.0,1,-0.3333333333333333,0.6666666666666666,3,6.566666666666667,6.566666666666666,-8.881784197001252e-16,-1.0,-0.6666666666666665,1,0,0,Stable
405,Bryan Gil,Tottenham,Left Winger,22,2023/24,77,Inflammation Of Pubic Bone,2023-08-02,2023-10-05,Loss,Aston Villa,-2.0,6.9,Win,Crystal Palace,4.0,7.3,Loss,Arsenal,-2.0,7.0,Draw,Brentford,0.0,Win,Man United,2.0,Win,Brentford,2.0,Win,Crystal Palace,1.0,6.3,Loss,Wolves,-1.0,6.6,Loss,Aston Villa,-1.0,6.6,64,2023,8,Aug,22-25,Ligament / Fracture,Major (46-90d),Squad player,0.0,1.0,3,1.3333333333333333,2.3333333333333335,3,-0.3333333333333333,1.0,3,7.066666666666666,6.5,-0.5666666666666664,-1.3333333333333333,-1.3333333333333335,2,1,0,Declined
406,Nick Pope,Burnley,Goalkeeper,28,2020/21,82,Head Injury,2020-11-27,2020-12-04,Win,Crystal Palace,1.0,7.9,Draw,Brighton,0.0,7.5,Loss,Chelsea,-3.0,6.0,Loss,Man City,-5.0,,,,,,,Draw,Everton,0.0,7.2,Win,Arsenal,1.0,8.3,Draw,Aston Villa,0.0,8.0,7,2020,11,Nov,26-29,Head,Minor (<=14d),Star (top 25%),-0.6666666666666666,1.3333333333333333,3,-5.0,0.0,1,0.3333333333333333,1.6666666666666667,3,7.133333333333333,7.833333333333333,0.7000000000000002,4.333333333333333,1.3333333333333333,0,0,1,Improved
407,Nick Pope,Burnley,Goalkeeper,28,2020/21,82,Knee Surgery,2021-05-12,2021-06-30,Win,Wolves,4.0,6.6,Loss,West Ham,-1.0,5.7,Win,Fulham,2.0,7.5,Loss,Leeds,-4.0,Loss,Liverpool,-3.0,Loss,Sheffield,-1.0,Loss,Brighton,-1.0,6.3,Loss,Liverpool,-2.0,7.1,Draw,Leeds,0.0,6.0,49,2021,5,May,26-29,Knee,Major (46-90d),Star (top 25%),1.6666666666666667,2.0,3,-2.6666666666666665,0.0,3,-1.0,0.3333333333333333,3,6.6000000000000005,6.466666666666666,-0.13333333333333464,4.333333333333333,2.0,0,0,3,Stable
408,Nick Pope,Burnley,Goalkeeper,29,2021/22,82,Coronavirus,2021-12-29,2022-01-06,Draw,Wolves,0.0,6.0,Loss,Newcastle,-1.0,7.0,Draw,West Ham,0.0,9.0,Loss,Man United,-2.0,Loss,Leeds,-2.0,,,,Draw,Arsenal,0.0,8.0,Draw,Watford,0.0,6.0,Draw,Man United,0.0,8.0,8,2021,12,Dec,26-29,Illness,Minor (<=14d),Star (top 25%),-0.3333333333333333,0.6666666666666666,3,-2.0,0.0,2,0.0,1.0,3,7.333333333333333,7.333333333333333,0.0,1.6666666666666667,0.6666666666666666,0,0,2,Stable
409,James Tarkowski,Burnley,Center Back,27,2020/21,81,Toe Injury,2020-09-16,2020-09-29,Loss,Brighton,-1.0,6.0,Win,Norwich City,2.0,6.6,Draw,Wolves,0.0,7.0,Loss,Leicester,-2.0,Loss,Southampton,-1.0,,,,Loss,Newcastle,-2.0,5.8,Draw,West Brom,0.0,7.4,Loss,Tottenham,-1.0,6.8,13,2020,9,Sep,26-29,Foot,Minor (<=14d),Star (top 25%),0.3333333333333333,1.3333333333333333,3,-1.5,0.0,2,-1.0,0.3333333333333333,3,6.533333333333334,6.666666666666667,0.13333333333333286,1.8333333333333333,1.3333333333333333,0,0,2,Stable
410,Ben Mee,Burnley,Center Back,30,2019/20,78,Hamstring Strain,2020-07-03,2020-11-05,Win,Crystal Palace,1.0,7.7,Win,Watford,1.0,7.2,Loss,Man City,-5.0,4.7,Draw,Sheffield,0.0,Win,West Ham,1.0,Draw,Liverpool,0.0,Draw,Brighton,0.0,6.7,Win,Crystal Palace,1.0,6.6,Loss,Man City,-5.0,5.2,125,2020,7,Jul,30-33,Hamstring,Severe (>90d),Squad player,-1.0,2.0,3,0.3333333333333333,1.6666666666666667,3,-1.3333333333333333,1.3333333333333333,3,6.533333333333334,6.166666666666667,-0.36666666666666714,-1.3333333333333333,0.33333333333333326,1,2,0,Declined
411,Ben Mee,Burnley,Center Back,31,2020/21,79,Head Injury,2021-02-14,2021-02-21,Win,Crystal Palace,3.0,6.5,Draw,Brighton,0.0,6.4,Loss,Man City,-2.0,5.6,Draw,Fulham,0.0,,,,,,,Draw,West Brom,0.0,6.0,Loss,Tottenham,-4.0,5.0,Draw,Leicester,0.0,7.0,7,2021,2,Feb,30-33,Head,Minor (<=14d),Squad player,0.3333333333333333,1.3333333333333333,3,0.0,1.0,1,-1.3333333333333333,0.6666666666666666,3,6.166666666666667,6.0,-0.16666666666666696,0.3333333333333333,0.33333333333333326,0,1,0,Stable
412,Ben Mee,Burnley,Center Back,32,2021/22,79,Hairline Fracture,2022-03-01,2022-06-30,Loss,Leicester,-2.0,7.2,Draw,Crystal Palace,0.0,6.5,Win,Tottenham,1.0,8.1,Loss,Chelsea,-4.0,Loss,Brentford,-2.0,Loss,Man City,-2.0,,,,,,,,,,,,,121,2022,3,Mar,30-33,Ligament / Fracture,Severe (>90d),Squad player,-0.3333333333333333,1.3333333333333333,3,-2.6666666666666665,0.0,3,,,0,7.266666666666666,,,2.333333333333333,1.3333333333333333,0,0,3,
413,Erik Pieters,Burnley,Center Back,32,2020/21,74,Calf Injury,2020-10-20,2020-11-22,Draw,West Brom,0.0,6.8,Loss,Leicester,-2.0,,Loss,Brighton,-1.0,7.0,Loss,Tottenham,-1.0,Draw,Brighton,0.0,Loss,Chelsea,-3.0,Loss,Man City,-5.0,,Win,Wolves,1.0,5.7,Loss,Leeds,1.0,5.9,33,2020,10,Oct,30-33,Calf / Achilles,Moderate (15-45d),Squad player,-1.0,0.3333333333333333,3,-1.3333333333333333,0.3333333333333333,3,-1.0,1.0,3,6.9,5.800000000000001,-1.0999999999999996,0.33333333333333326,0.0,0,1,2,Declined
414,Erik Pieters,Burnley,Center Back,33,2021/22,73,Knee Injury,2022-02-26,2022-05-02,Draw,Crystal Palace,0.0,6.1,Win,Tottenham,1.0,7.5,Win,Brighton,3.0,7.1,Loss,Leicester,-2.0,Loss,Chelsea,-4.0,Loss,Brentford,-2.0,Loss,Aston Villa,-2.0,,,,,,,,,,65,2022,2,Feb,30-33,Knee,Major (46-90d),Squad player,1.3333333333333333,2.3333333333333335,3,-2.6666666666666665,0.0,3,-2.0,0.0,1,6.8999999999999995,,,4.0,2.3333333333333335,0,0,3,
415,Charlie Taylor,Burnley,Left Back,26,2019/20,76,Hamstring Strain,2019-12-01,2019-12-20,Loss,Crystal Palace,-2.0,6.0,Win,Watford,3.0,6.9,Win,West Ham,3.0,6.5,Loss,Man City,-3.0,Loss,Tottenham,-5.0,Win,Newcastle,1.0,Win,Bournemouth,1.0,7.0,Loss,Everton,-1.0,6.9,Loss,Man United,-2.0,5.2,19,2019,12,Dec,26-29,Hamstring,Moderate (15-45d),Squad player,1.3333333333333333,2.0,3,-2.3333333333333335,1.0,3,-0.6666666666666666,1.0,3,6.466666666666666,6.366666666666667,-0.09999999999999876,3.666666666666667,1.0,1,0,2,Stable
416,Charlie Taylor,Burnley,Left Back,26,2019/20,76,Hamstring Strain,2020-02-03,2020-02-14,Draw,Arsenal,0.0,7.0,Win,Man United,2.0,6.2,Win,Leicester,1.0,7.0,,,,,,,,,,Win,Southampton,1.0,6.8,Win,Bournemouth,3.0,7.0,Draw,Newcastle,0.0,6.7,11,2020,2,Feb,26-29,Hamstring,Minor (<=14d),Squad player,1.0,2.3333333333333335,3,,,0,1.3333333333333333,2.3333333333333335,3,6.733333333333333,6.833333333333333,0.09999999999999964,,,0,0,0,Stable
417,Charlie Taylor,Burnley,Left Back,26,2020/21,76,Hamstring Strain,2020-07-16,2020-09-16,Draw,Wolves,0.0,5.9,Draw,Liverpool,0.0,5.6,Win,West Ham,1.0,7.4,Win,Norwich City,2.0,Loss,Brighton,-1.0,,,,Loss,Leicester,-2.0,5.7,Loss,Southampton,-1.0,6.5,Loss,Newcastle,-2.0,5.8,62,2020,7,Jul,26-29,Hamstring,Major (46-90d),Squad player,0.3333333333333333,1.6666666666666667,3,0.5,1.5,2,-1.6666666666666667,0.0,3,6.3,6.0,-0.2999999999999998,-0.16666666666666669,0.16666666666666674,1,0,1,Declined
418,Charlie Taylor,Burnley,Left Back,27,2020/21,76,Hamstring Strain,2020-12-30,2021-02-15,Win,Liverpool,1.0,6.3,Loss,Leeds,-1.0,6.4,Win,Wolves,1.0,6.4,Loss,West Ham,-1.0,Win,Aston Villa,1.0,Loss,Chelsea,-2.0,Draw,Fulham,0.0,6.4,Draw,West Brom,0.0,6.2,Loss,Tottenham,-4.0,5.4,47,2020,12,Dec,26-29,Hamstring,Major (46-90d),Squad player,0.3333333333333333,2.0,3,-0.6666666666666666,1.0,3,-1.3333333333333333,0.6666666666666666,3,6.366666666666667,6.0,-0.36666666666666714,1.0,1.0,1,0,2,Declined
419,Charlie Taylor,Burnley,Left Back,28,2021/22,76,Bruise On Ankle,2022-01-07,2022-02-25,Loss,Leeds,-2.0,7.0,Loss,Man United,-2.0,5.5,Draw,West Ham,0.0,6.6,Draw,Arsenal,0.0,Draw,Watford,0.0,Draw,Man United,0.0,Draw,Crystal Palace,0.0,,Loss,Leicester,-2.0,6.3,Loss,Chelsea,-4.0,6.0,49,2022,1,Jan,26-29,Ankle,Major (46-90d),Squad player,-1.3333333333333333,0.3333333333333333,3,0.0,1.0,3,-2.0,0.3333333333333333,3,6.366666666666667,6.15,-0.21666666666666679,-1.3333333333333333,-0.6666666666666667,0,3,0,Declined
420,Matthew Lowton,Burnley,Right Back,30,2019/20,75,Knee Injury,2020-02-03,2020-06-10,Draw,Arsenal,0.0,7.0,Win,Man United,2.0,6.1,Loss,Chelsea,-3.0,4.7,Win,Southampton,1.0,Win,Bournemouth,3.0,Draw,Newcastle,0.0,Loss,Man City,-5.0,5.2,Win,Watford,1.0,7.0,,,,,128,2020,2,Feb,30-33,Knee,Severe (>90d),Squad player,-0.3333333333333333,1.3333333333333333,3,1.3333333333333333,2.3333333333333335,3,-2.0,1.5,2,5.933333333333334,6.1,0.16666666666666607,-1.6666666666666665,-1.0000000000000002,2,1,0,Stable
421,Matthew Lowton,Burnley,Right Back,31,2019/20,75,Ankle And Knee Injury,2020-06-28,2020-10-25,Loss,Man City,-5.0,5.2,Win,Watford,1.0,7.0,,,,,Win,Crystal Palace,1.0,Draw,Sheffield,0.0,Win,West Ham,1.0,Loss,Tottenham,-3.0,6.9,Loss,Chelsea,-3.0,6.1,Draw,Brighton,0.0,6.6,119,2020,6,Jun,30-33,Knee,Severe (>90d),Squad player,-2.0,1.5,2,0.6666666666666666,2.3333333333333335,3,-2.0,0.3333333333333333,3,6.1,6.533333333333334,0.43333333333333446,-2.6666666666666665,-0.8333333333333335,2,1,0,Improved
422,Phil Bardsley,Burnley,Right Back,34,2019/20,72,Knock,2019-12-05,2019-12-13,Loss,Man City,-3.0,5.2,Loss,Crystal Palace,-2.0,6.1,Win,Watford,3.0,6.7,Loss,Tottenham,-5.0,,,,,,,Win,Newcastle,1.0,6.7,Win,Bournemouth,1.0,6.7,Loss,Everton,-1.0,6.0,8,2019,12,Dec,34+,Other,Minor (<=14d),Squad player,-0.6666666666666666,1.0,3,-5.0,0.0,1,0.3333333333333333,2.0,3,6.0,6.466666666666666,0.4666666666666659,4.333333333333333,1.0,0,0,1,Improved
423,Phil Bardsley,Burnley,Right Back,34,2019/20,72,Back Injury,2020-01-20,2020-02-01,Win,Leicester,1.0,6.4,Loss,Aston Villa,-1.0,6.4,Loss,Man United,-2.0,6.1,Win,Man United,2.0,,,,,,,Win,Crystal Palace,1.0,6.5,Draw,Sheffield,0.0,6.4,Win,West Ham,1.0,6.8,12,2020,1,Jan,34+,Back,Minor (<=14d),Squad player,-0.6666666666666666,1.0,3,2.0,3.0,1,0.6666666666666666,2.3333333333333335,3,6.3,6.566666666666666,0.2666666666666666,-2.6666666666666665,-2.0,1,0,0,Improved
424,Jack Cork,Burnley,Defensive Midfielder,30,2019/20,76,Shoulder Injury,2019-09-29,2019-10-25,Draw,Aston Villa,0.0,6.1,Win,Norwich City,1.0,7.3,Draw,Brighton,0.0,6.5,Win,Everton,1.0,Loss,Leicester,-1.0,,,,Loss,Chelsea,-2.0,6.7,Loss,Sheffield,-3.0,6.1,Win,West Ham,3.0,6.7,26,2019,9,Sep,30-33,Shoulder / Arm,Moderate (15-45d),Squad player,0.3333333333333333,1.6666666666666667,3,0.0,1.5,2,-0.6666666666666666,1.0,3,6.633333333333333,6.5,-0.13333333333333286,0.3333333333333333,0.16666666666666674,1,0,1,Stable
425,Jack Cork,Burnley,Defensive Midfielder,31,2020/21,77,Broken Foot,2020-06-30,2020-12-13,Win,Crystal Palace,1.0,6.2,Win,Watford,1.0,6.4,Loss,Man City,-5.0,5.5,Draw,Sheffield,0.0,Win,West Ham,1.0,Draw,Liverpool,0.0,Win,Aston Villa,1.0,,Loss,Chelsea,-2.0,5.6,Loss,Man City,-2.0,5.4,166,2020,6,Jun,30-33,Foot,Severe (>90d),Squad player,-1.0,2.0,3,0.3333333333333333,1.6666666666666667,3,-1.0,1.0,3,6.033333333333334,5.5,-0.5333333333333341,-1.3333333333333333,0.33333333333333326,1,2,0,Declined
426,Ashley Westwood,Burnley,Defensive Midfielder,30,2019/20,77,Groin Injury,2019-11-24,2019-12-13,Win,Watford,3.0,6.7,Win,West Ham,3.0,6.5,Loss,Sheffield,-3.0,6.5,Loss,Crystal Palace,-2.0,Loss,Man City,-3.0,Loss,Tottenham,-5.0,Win,Newcastle,1.0,7.5,Win,Bournemouth,1.0,6.6,Loss,Everton,-1.0,6.4,19,2019,11,Nov,30-33,Groin / Hip,Moderate (15-45d),Squad player,1.0,2.0,3,-3.3333333333333335,0.0,3,0.3333333333333333,2.0,3,6.566666666666666,6.833333333333333,0.2666666666666666,4.333333333333334,2.0,0,0,3,Improved
427,Ashley Westwood,Burnley,Defensive Midfielder,33,2021/22,77,Broken Ankle,2022-04-17,2022-12-31,,,,,Loss,Norwich City,-2.0,7.0,Win,Everton,1.0,6.0,Win,Southampton,2.0,Win,Wolves,1.0,Win,Watford,1.0,,,,,,,,,,,,,258,2022,4,Apr,30-33,Ankle,Severe (>90d),Squad player,-0.5,1.5,2,1.3333333333333333,3.0,3,,,0,6.5,,,-1.8333333333333333,-1.5,3,0,0,
428,Josh Brownhill,Burnley,Central Midfielder,24,2020/21,76,Ankle Injury,2021-01-28,2021-02-12,Win,Aston Villa,1.0,5.9,Win,Liverpool,1.0,6.4,Loss,West Ham,1.0,6.4,Loss,Chelsea,-2.0,Loss,Man City,-2.0,Draw,Brighton,0.0,Draw,Fulham,0.0,,Draw,West Brom,0.0,6.2,Loss,Tottenham,-4.0,6.2,15,2021,1,Jan,22-25,Ankle,Moderate (15-45d),Squad player,1.0,2.0,3,-1.3333333333333333,0.3333333333333333,3,-1.3333333333333333,0.6666666666666666,3,6.233333333333334,6.2,-0.0333333333333341,2.333333333333333,1.6666666666666667,0,1,2,Stable
429,Josh Brownhill,Burnley,Central Midfielder,26,2021/22,75,Coronavirus,2021-12-13,2022-01-06,Draw,West Ham,0.0,,Loss,Newcastle,-1.0,6.3,Draw,Wolves,0.0,6.8,Loss,Man United,-2.0,Loss,Leeds,-2.0,,,,Draw,Arsenal,0.0,5.8,Draw,Man United,0.0,6.1,Loss,Liverpool,-1.0,7.0,24,2021,12,Dec,26-29,Illness,Moderate (15-45d),Squad player,-0.3333333333333333,0.6666666666666666,3,-2.0,0.0,2,-0.3333333333333333,0.6666666666666666,3,6.55,6.3,-0.25,1.6666666666666667,0.6666666666666666,0,0,2,Declined
430,Robbie Brady,Burnley,Left Midfielder,28,2020/21,74,Chest Injury,2020-09-21,2020-10-02,Loss,Leicester,-2.0,6.0,,,,,,,,,Loss,Southampton,-1.0,,,,,,,Draw,West Brom,0.0,,Loss,Chelsea,-3.0,,Draw,Brighton,0.0,6.8,11,2020,9,Sep,26-29,Other,Minor (<=14d),Squad player,-2.0,0.0,1,-1.0,0.0,1,-1.0,0.6666666666666666,3,6.0,6.8,0.7999999999999998,-1.0,0.0,0,0,1,Improved
431,Robbie Brady,Burnley,Left Midfielder,28,2020/21,74,Hamstring Injury,2020-11-24,2020-12-04,Win,Crystal Palace,1.0,,Draw,Brighton,0.0,6.8,Loss,Chelsea,-3.0,,Loss,Man City,-5.0,,,,,,,Draw,Everton,0.0,7.8,Win,Arsenal,1.0,6.9,Draw,Aston Villa,0.0,5.6,10,2020,11,Nov,26-29,Hamstring,Minor (<=14d),Squad player,-0.6666666666666666,1.3333333333333333,3,-5.0,0.0,1,0.3333333333333333,1.6666666666666667,3,6.8,6.766666666666666,-0.0333333333333341,4.333333333333333,1.3333333333333333,0,0,1,Stable
432,Robbie Brady,Burnley,Left Midfielder,28,2020/21,74,Hamstring Injury,2020-12-22,2020-12-28,Win,Arsenal,1.0,6.9,Draw,Aston Villa,0.0,5.6,Win,Wolves,1.0,6.6,Loss,Leeds,-1.0,,,,,,,Win,Sheffield,1.0,6.3,Loss,Man United,-1.0,5.9,Loss,West Ham,-1.0,6.6,6,2020,12,Dec,26-29,Hamstring,Minor (<=14d),Squad player,0.6666666666666666,2.3333333333333335,3,-1.0,0.0,1,-0.3333333333333333,1.0,3,6.366666666666667,6.266666666666666,-0.10000000000000142,1.6666666666666665,2.3333333333333335,0,0,1,Stable
433,Robbie Brady,Burnley,Left Midfielder,29,2020/21,74,Calf Injury,2021-02-01,2021-02-12,Loss,Chelsea,-2.0,6.1,Win,Aston Villa,1.0,5.9,Win,Liverpool,1.0,5.7,Loss,Man City,-2.0,Draw,Brighton,0.0,,,,Win,Crystal Palace,3.0,,Draw,Fulham,0.0,,Draw,Arsenal,0.0,,11,2021,2,Feb,26-29,Calf / Achilles,Minor (<=14d),Squad player,0.0,2.0,3,-1.0,0.5,2,1.0,1.6666666666666667,3,5.8999999999999995,,,1.0,1.5,0,1,1,
434,Dwight Mcneil,Burnley,Left Winger,21,2020/21,77,Groin Injury,2020-12-22,2021-01-11,Win,Wolves,1.0,5.9,Draw,Aston Villa,0.0,6.1,Win,Arsenal,1.0,6.0,Loss,Leeds,1.0,Win,Sheffield,1.0,,,,Loss,Man United,-1.0,,Loss,West Ham,-1.0,,Win,Liverpool,1.0,6.5,20,2020,12,Dec,<=21,Groin / Hip,Moderate (15-45d),Squad player,0.6666666666666666,2.3333333333333335,3,1.0,1.5,2,-0.3333333333333333,1.0,3,6.0,6.5,0.5,-0.33333333333333337,0.8333333333333335,1,0,1,Improved
435,Jóhann Berg Gudmundsson,Burnley,Right Winger,28,2019/20,77,Calf Strain,2019-08-26,2019-09-27,Win,Southampton,3.0,6.9,Loss,Arsenal,1.0,5.9,Draw,Wolves,0.0,5.6,Loss,Liverpool,-3.0,Draw,Brighton,0.0,Win,Norwich City,2.0,Win,Everton,1.0,5.9,,,,,,,,,32,2019,8,Aug,26-29,Calf / Achilles,Moderate (15-45d),Squad player,1.3333333333333333,1.3333333333333333,3,-0.3333333333333333,1.3333333333333333,3,1.0,3.0,1,6.133333333333333,5.9,-0.2333333333333325,1.6666666666666665,0.0,1,1,1,Declined
436,Jóhann Berg Gudmundsson,Burnley,Right Winger,29,2019/20,77,Hamstring Strain,2019-10-13,2019-12-25,Win,Everton,1.0,5.9,,,,,,,,,Loss,Leicester,-1.0,Loss,Chelsea,-2.0,Loss,Man City,-3.0,Loss,Everton,-1.0,,Loss,Man United,-2.0,,Loss,Aston Villa,-1.0,,73,2019,10,Oct,26-29,Hamstring,Major (46-90d),Squad player,1.0,3.0,1,-2.0,0.0,3,-1.3333333333333333,0.0,3,5.9,,,3.0,3.0,0,0,3,
437,Jóhann Berg Gudmundsson,Burnley,Right Winger,29,2019/20,77,Hamstring Strain,2020-01-05,2020-07-04,Loss,Everton,-1.0,,Loss,Man United,-2.0,,Loss,Aston Villa,-1.0,,Loss,Chelsea,-3.0,Win,Leicester,1.0,Win,Man United,2.0,Draw,Liverpool,0.0,,Draw,Wolves,0.0,,Win,Norwich City,2.0,6.7,181,2020,1,Jan,26-29,Hamstring,Severe (>90d),Squad player,-1.3333333333333333,0.0,3,0.0,2.0,3,0.6666666666666666,1.6666666666666667,3,,6.7,,-1.3333333333333333,-2.0,2,0,1,
438,Jóhann Berg Gudmundsson,Burnley,Right Winger,29,2020/21,77,Knee Injury,2020-09-18,2020-10-02,,,,,,,,,,,,,Loss,Leicester,-2.0,Loss,Southampton,-1.0,,,,Loss,Newcastle,-2.0,5.8,Draw,West Brom,0.0,5.5,Loss,Tottenham,-1.0,6.2,14,2020,9,Sep,26-29,Knee,Minor (<=14d),Squad player,,,0,-1.5,0.0,2,-1.0,0.3333333333333333,3,,5.833333333333333,,,,0,0,2,
439,Jóhann Berg Gudmundsson,Burnley,Right Winger,30,2020/21,77,Hamstring Strain,2020-10-28,2020-11-05,Loss,Newcastle,-2.0,5.8,Draw,West Brom,0.0,5.5,Loss,Tottenham,-1.0,6.2,Loss,Chelsea,-3.0,,,,,,,Win,Crystal Palace,1.0,6.1,,,,,,,,,8,2020,10,Oct,30-33,Hamstring,Minor (<=14d),Squad player,-1.0,0.3333333333333333,3,-3.0,0.0,1,1.0,3.0,1,5.833333333333333,6.1,0.2666666666666666,2.0,0.3333333333333333,0,0,1,Improved
440,Jóhann Berg Gudmundsson,Burnley,Right Winger,30,2020/21,77,Hamstring Strain,2020-11-29,2021-01-11,Win,Crystal Palace,1.0,6.1,,,,,,,,,Draw,Everton,0.0,Win,Arsenal,1.0,Draw,Aston Villa,0.0,Loss,Man United,-1.0,5.9,Loss,West Ham,-1.0,5.8,Win,Liverpool,1.0,,43,2020,11,Nov,30-33,Hamstring,Moderate (15-45d),Squad player,1.0,3.0,1,0.3333333333333333,1.6666666666666667,3,-0.3333333333333333,1.0,3,6.1,5.85,-0.25,0.6666666666666667,1.3333333333333333,1,2,0,Declined
441,Jóhann Berg Gudmundsson,Burnley,Right Winger,30,2020/21,77,Groin Strain,2021-02-18,2021-03-04,Draw,Fulham,0.0,5.6,Win,Crystal Palace,3.0,7.4,Draw,Brighton,0.0,7.3,Draw,West Brom,0.0,Loss,Tottenham,-4.0,Draw,Leicester,0.0,Draw,Arsenal,0.0,6.4,Win,Everton,1.0,6.1,Loss,Southampton,-1.0,6.9,14,2021,2,Feb,30-33,Groin / Hip,Minor (<=14d),Squad player,1.0,1.6666666666666667,3,-1.3333333333333333,0.6666666666666666,3,0.0,1.3333333333333333,3,6.766666666666667,6.466666666666666,-0.3000000000000007,2.333333333333333,1.0,0,2,1,Declined
442,Jóhann Berg Gudmundsson,Burnley,Right Winger,31,2021/22,73,Appendectomy And Calf Injury,2022-01-24,2022-08-21,Loss,Man United,2.0,6.0,Loss,Leeds,2.0,6.0,Draw,Arsenal,0.0,8.0,Draw,Watford,0.0,Draw,Man United,0.0,Loss,Liverpool,-1.0,,,,,,,,,,,,,209,2022,1,Jan,30-33,Calf / Achilles,Severe (>90d),Squad player,1.3333333333333333,0.3333333333333333,3,-0.3333333333333333,0.6666666666666666,3,,,0,6.666666666666667,,,1.6666666666666665,-0.3333333333333333,0,2,1,
443,Jóhann Berg Gudmundsson,Burnley,Right Winger,32,2023/24,72,Muscle Injury,2023-09-23,2023-10-22,Loss,Man United,-1.0,5.7,Draw,Nottm Forest,0.0,5.8,Loss,Tottenham,-3.0,5.6,Loss,Newcastle,-2.0,Win,Luton Town,1.0,Loss,Chelsea,-3.0,Loss,Bournemouth,-1.0,6.4,Loss,Crystal Palace,-2.0,7.1,Loss,Arsenal,-2.0,6.3,29,2023,9,Sep,30-33,Thigh / Muscle,Moderate (15-45d),Squad player,-1.3333333333333333,0.3333333333333333,3,-1.3333333333333333,1.0,3,-1.6666666666666667,0.0,3,5.7,6.6000000000000005,0.9000000000000004,0.0,-0.6666666666666667,1,0,2,Improved
444,Aaron Lennon,Burnley,Right Winger,32,2019/20,74,Ill,2019-12-22,2020-01-10,Win,Bournemouth,1.0,,Loss,Tottenham,-5.0,,Loss,Man City,-3.0,5.9,Loss,Everton,-1.0,Loss,Man United,-2.0,Loss,Aston Villa,-1.0,Loss,Chelsea,-3.0,5.3,,,,,,,,,19,2019,12,Dec,30-33,Other,Moderate (15-45d),Squad player,-2.3333333333333335,1.0,3,-1.3333333333333333,0.0,3,-3.0,0.0,1,5.9,5.3,-0.6000000000000005,-1.0000000000000002,1.0,0,0,3,Declined
445,Chris Wood,Burnley,Center Forward,27,2019/20,78,Hamstring Injury,2019-10-20,2019-11-08,Loss,Leicester,-1.0,7.2,Win,Everton,1.0,5.7,Draw,Aston Villa,0.0,6.6,Loss,Chelsea,-2.0,Loss,Sheffield,-3.0,,,,Win,West Ham,3.0,6.7,Win,Watford,3.0,6.8,Loss,Crystal Palace,-2.0,6.0,19,2019,10,Oct,26-29,Hamstring,Moderate (15-45d),Squad player,0.0,1.3333333333333333,3,-2.5,0.0,2,1.3333333333333333,2.0,3,6.5,6.5,0.0,2.5,1.3333333333333333,0,0,2,Stable
446,Chris Wood,Burnley,Center Forward,28,2019/20,78,Hamstring Strain,2020-02-16,2020-02-28,Win,Southampton,1.0,5.2,Draw,Arsenal,0.0,5.5,Win,Man United,2.0,7.0,Win,Bournemouth,3.0,,,,,,,Draw,Newcastle,0.0,,Draw,Tottenham,0.0,7.1,,,,,12,2020,2,Feb,26-29,Hamstring,Minor (<=14d),Squad player,1.0,2.3333333333333335,3,3.0,3.0,1,0.0,1.0,2,5.8999999999999995,7.1,1.2000000000000002,-2.0,-0.6666666666666665,1,0,0,Improved
447,Chris Wood,Burnley,Center Forward,28,2019/20,78,Calf Injury,2020-06-05,2020-07-04,Draw,Newcastle,0.0,,Draw,Tottenham,0.0,7.1,,,,,Loss,Man City,-5.0,Win,Watford,1.0,Win,Crystal Palace,1.0,Draw,Sheffield,0.0,,Win,West Ham,1.0,,Draw,Liverpool,0.0,5.1,29,2020,6,Jun,26-29,Calf / Achilles,Moderate (15-45d),Squad player,0.0,1.0,2,-1.0,2.0,3,0.3333333333333333,1.6666666666666667,3,7.1,5.1,-2.0,1.0,-1.0,2,0,1,Declined
448,Chris Wood,Burnley,Center Forward,29,2020/21,78,Hamstring Strain,2021-02-01,2021-02-18,Loss,Chelsea,-2.0,5.8,Win,Aston Villa,1.0,7.1,Win,Liverpool,1.0,5.2,Loss,Man City,-2.0,Draw,Brighton,0.0,Win,Crystal Palace,3.0,Loss,Tottenham,-4.0,,Draw,Leicester,0.0,6.3,Draw,Arsenal,0.0,7.0,17,2021,2,Feb,26-29,Hamstring,Moderate (15-45d),Squad player,0.0,2.0,3,0.3333333333333333,1.3333333333333333,3,-1.3333333333333333,0.6666666666666666,3,6.033333333333332,6.65,0.616666666666668,-0.3333333333333333,0.6666666666666667,1,1,1,Improved
449,Ashley Barnes,Burnley,Center Forward,29,2019/20,78,Groin Injury,2019-10-17,2019-10-25,Win,Everton,1.0,5.3,Draw,Aston Villa,0.0,5.1,Win,Norwich City,2.0,6.1,Loss,Leicester,-1.0,,,,,,,Loss,Chelsea,-2.0,6.1,Loss,Sheffield,-3.0,5.4,Win,West Ham,3.0,7.1,8,2019,10,Oct,26-29,Groin / Hip,Minor (<=14d),Squad player,1.0,2.3333333333333335,3,-1.0,0.0,1,-0.6666666666666666,1.0,3,5.5,6.2,0.7000000000000002,2.0,2.3333333333333335,0,0,1,Improved
450,Ashley Barnes,Burnley,Center Forward,30,2019/20,78,Groin Injury,2019-12-05,2019-12-13,Loss,Man City,-3.0,,Loss,Crystal Palace,-2.0,5.3,Win,Watford,3.0,6.1,Loss,Tottenham,-5.0,,,,,,,Win,Newcastle,1.0,6.7,Win,Bournemouth,1.0,5.8,Loss,Everton,1.0,,8,2019,12,Dec,30-33,Groin / Hip,Minor (<=14d),Squad player,-0.6666666666666666,1.0,3,-5.0,0.0,1,1.0,2.0,3,5.699999999999999,6.25,0.5500000000000007,4.333333333333333,1.0,0,0,1,Improved
451,Ashley Barnes,Burnley,Center Forward,30,2019/20,78,Groin Surgery,2020-01-02,2020-09-29,Loss,Aston Villa,-1.0,5.5,Loss,Man United,-2.0,5.1,Loss,Everton,-1.0,,Loss,Chelsea,-3.0,Win,Leicester,1.0,Win,Man United,2.0,Loss,Newcastle,-2.0,6.0,Draw,West Brom,0.0,5.9,Loss,Tottenham,-1.0,5.6,271,2020,1,Jan,30-33,Groin / Hip,Severe (>90d),Squad player,-1.3333333333333333,0.0,3,0.0,2.0,3,-1.0,0.3333333333333333,3,5.3,5.833333333333333,0.5333333333333332,-1.3333333333333333,-2.0,2,0,1,Improved
452,Ashley Barnes,Burnley,Center Forward,31,2020/21,75,Bruise,2021-01-27,2021-02-05,Win,Liverpool,1.0,7.1,Loss,West Ham,-1.0,5.7,Loss,Man United,-1.0,5.4,Win,Aston Villa,1.0,Loss,Chelsea,-2.0,Loss,Man City,-2.0,Draw,Brighton,0.0,5.6,Win,Crystal Palace,3.0,6.9,Draw,Fulham,0.0,6.2,9,2021,1,Jan,30-33,Other,Minor (<=14d),Squad player,-0.3333333333333333,1.0,3,-1.0,1.0,3,1.0,1.6666666666666667,3,6.066666666666667,6.233333333333333,0.16666666666666607,0.6666666666666667,0.0,1,0,2,Stable
453,Ashley Barnes,Burnley,Center Forward,32,2021/22,73,Groin Injury,2021-11-18,2022-02-06,Loss,Man City,-2.0,,Draw,Leicester,0.0,,Loss,Arsenal,-1.0,,Draw,Crystal Palace,0.0,Draw,Wolves,0.0,Loss,Newcastle,-1.0,Loss,Liverpool,-1.0,6.0,,,,,,,,,80,2021,11,Nov,30-33,Groin / Hip,Major (46-90d),Squad player,-1.0,0.3333333333333333,3,-0.3333333333333333,0.6666666666666666,3,-1.0,0.0,1,,6.0,,-0.6666666666666667,-0.3333333333333333,0,2,1,
454,Jay Rodríguez,Burnley,Center Forward,30,2019/20,76,Ill,2020-01-05,2020-01-18,Loss,Aston Villa,-1.0,,Loss,Man United,-2.0,,Loss,Everton,-1.0,5.1,Loss,Chelsea,-3.0,,,,,,,Win,Leicester,1.0,6.4,Win,Man United,2.0,6.8,Draw,Arsenal,0.0,6.5,13,2020,1,Jan,30-33,Other,Minor (<=14d),Squad player,-1.3333333333333333,0.0,3,-3.0,0.0,1,1.0,2.3333333333333335,3,5.1,6.566666666666666,1.4666666666666668,1.6666666666666667,0.0,0,0,1,Improved
455,Jay Rodríguez,Burnley,Center Forward,30,2019/20,76,Hamstring Strain,2020-06-26,2020-07-04,Win,Watford,1.0,7.3,Loss,Man City,-5.0,5.1,Draw,Tottenham,0.0,6.7,Win,Crystal Palace,1.0,,,,,,,Draw,Sheffield,0.0,6.8,Win,West Ham,1.0,7.4,Draw,Liverpool,0.0,6.7,8,2020,6,Jun,30-33,Hamstring,Minor (<=14d),Squad player,-1.3333333333333333,1.3333333333333333,3,1.0,3.0,1,0.3333333333333333,1.6666666666666667,3,6.366666666666666,6.966666666666666,0.5999999999999996,-2.333333333333333,-1.6666666666666667,1,0,0,Improved
456,Jay Rodríguez,Burnley,Center Forward,31,2020/21,75,Ankle Injury,2020-09-23,2020-10-18,Loss,Leicester,-2.0,6.0,,,,,,,,,Loss,Southampton,-1.0,Loss,Newcastle,-2.0,,,,Loss,Chelsea,-3.0,,Draw,Brighton,0.0,5.4,Win,Crystal Palace,1.0,6.6,25,2020,9,Sep,30-33,Ankle,Moderate (15-45d),Squad player,-2.0,0.0,1,-1.5,0.0,2,-0.6666666666666666,1.3333333333333333,3,6.0,6.0,0.0,-0.5,0.0,0,0,2,Stable
457,Jay Rodríguez,Burnley,Center Forward,32,2020/21,75,Knee Injury,2020-12-28,2021-01-11,Loss,Leeds,-1.0,,Draw,Aston Villa,0.0,5.1,Win,Arsenal,1.0,5.6,Win,Sheffield,1.0,,,,,,,Loss,West Ham,-1.0,,Win,Aston Villa,1.0,5.7,Loss,Chelsea,-2.0,,14,2020,12,Dec,30-33,Knee,Minor (<=14d),Squad player,0.0,1.3333333333333333,3,1.0,3.0,1,-0.6666666666666666,1.0,3,5.35,5.7,0.35000000000000053,-1.0,-1.6666666666666667,1,0,0,Improved
458,Jay Rodríguez,Burnley,Center Forward,33,2021/22,74,Hamstring Injury,2020-04-29,2020-08-07,Win,Wolves,1.0,5.5,Win,Southampton,2.0,6.1,Draw,West Ham,0.0,5.6,Win,Watford,1.0,Loss,Aston Villa,-2.0,Loss,Tottenham,-1.0,,,,,,,,,,,,,100,2020,4,Apr,30-33,Hamstring,Severe (>90d),Squad player,1.0,2.3333333333333335,3,-0.6666666666666666,1.0,3,,,0,5.733333333333333,,,1.6666666666666665,1.3333333333333335,1,0,2,
459,Matej Vydra,Burnley,Center Forward,27,2019/20,73,Hip Injury,2019-11-03,2019-12-03,Loss,Chelsea,-2.0,,Draw,Brighton,0.0,,,,,,Win,West Ham,3.0,Win,Watford,3.0,Loss,Crystal Palace,-2.0,Loss,Tottenham,-5.0,,Loss,Chelsea,-3.0,5.1,Win,Southampton,1.0,7.1,30,2019,11,Nov,26-29,Groin / Hip,Moderate (15-45d),Squad player,-1.0,0.5,2,1.3333333333333333,2.0,3,-2.3333333333333335,1.0,3,,6.1,,-2.333333333333333,-1.5,2,0,1,
460,Matej Vydra,Burnley,Center Forward,28,2020/21,74,Hamstring Injury,2021-02-10,2021-02-18,Draw,Brighton,0.0,7.0,Loss,Man City,-2.0,5.5,Loss,Chelsea,-2.0,5.2,Win,Crystal Palace,3.0,Draw,Fulham,0.0,,,,Draw,West Brom,0.0,5.4,Loss,Tottenham,-4.0,5.4,Draw,Leicester,0.0,6.9,8,2021,2,Feb,26-29,Hamstring,Minor (<=14d),Squad player,-1.3333333333333333,0.3333333333333333,3,1.5,2.0,2,-1.3333333333333333,0.6666666666666666,3,5.8999999999999995,5.900000000000001,1.7763568394002505e-15,-2.833333333333333,-1.6666666666666667,1,1,0,Stable
461,Matej Vydra,Burnley,Center Forward,29,2021/22,73,Groin Surgery And Elbow Injury,2022-02-03,2022-02-28,Draw,Arsenal,0.0,5.5,Loss,Man United,-2.0,6.0,Draw,West Ham,0.0,6.0,Draw,Watford,0.0,Draw,Man United,0.0,Loss,Liverpool,-1.0,Loss,Norwich City,-2.0,5.0,Win,Southampton,2.0,5.0,Win,Wolves,1.0,7.0,25,2022,2,Feb,26-29,Groin / Hip,Moderate (15-45d),Squad player,-0.6666666666666666,0.6666666666666666,3,-0.3333333333333333,0.6666666666666666,3,0.3333333333333333,2.0,3,5.833333333333333,5.666666666666667,-0.16666666666666607,-0.3333333333333333,0.0,0,2,1,Stable
462,Dale Stephens,Burnley,Central Midfielder,31,2020/21,74,Hamstring Injury,2020-11-19,2020-12-13,Loss,Chelsea,-3.0,5.6,Loss,Newcastle,-2.0,6.0,Loss,Southampton,-1.0,6.8,Win,Crystal Palace,1.0,Loss,Man City,-5.0,Draw,Everton,0.0,Win,Sheffield,1.0,,Loss,Leeds,-1.0,,,,,,24,2020,11,Nov,30-33,Hamstring,Moderate (15-45d),Squad player,-2.0,0.0,3,-1.3333333333333333,1.3333333333333333,3,0.0,1.5,2,6.133333333333333,,,-0.6666666666666667,-1.3333333333333333,1,1,1,
463,Dale Stephens,Burnley,Central Midfielder,31,2020/21,74,Knock,2021-02-14,2021-02-18,Loss,Man City,-2.0,5.4,,,,,,,,,Draw,Fulham,0.0,,,,,,,,,,,,,,,,,,,4,2021,2,Feb,30-33,Other,Minor (<=14d),Squad player,-2.0,0.0,1,0.0,1.0,1,,,0,5.4,,,-2.0,-1.0,0,1,0,
464,Connor Roberts,Burnley,Right Back,26,2021/22,75,Infection,2021-12-08,2022-01-09,Loss,Newcastle,-1.0,,,,,,,,,,Draw,West Ham,0.0,Loss,Man United,-2.0,Loss,Leeds,-2.0,Draw,Arsenal,0.0,6.8,Draw,Watford,0.0,7.0,Draw,Man United,0.0,5.9,32,2021,12,Dec,26-29,Illness,Moderate (15-45d),Squad player,-1.0,0.0,1,-1.3333333333333333,0.3333333333333333,3,0.0,1.0,3,,6.566666666666667,,0.33333333333333326,-0.3333333333333333,0,1,2,
465,Maxwel Cornet,Burnley,Left Winger,25,2021/22,75,Hamstring Injury,2021-12-04,2021-12-31,Loss,Newcastle,-1.0,5.5,Draw,Wolves,0.0,5.5,Draw,Crystal Palace,0.0,6.9,Draw,West Ham,0.0,Loss,Man United,-2.0,,,,Loss,Leeds,-2.0,,Draw,Watford,0.0,7.0,Draw,Man United,0.0,5.9,27,2021,12,Dec,22-25,Hamstring,Moderate (15-45d),Squad player,-0.3333333333333333,0.6666666666666666,3,-1.0,0.5,2,-0.6666666666666666,0.6666666666666666,3,5.966666666666666,6.45,0.4833333333333343,0.6666666666666667,0.16666666666666663,0,1,1,Improved
466,Maxwel Cornet,Burnley,Left Winger,25,2021/22,75,Knee Problems,2022-04-22,2022-05-05,Win,Southampton,2.0,6.0,Draw,West Ham,0.0,5.6,Loss,Norwich City,-2.0,6.0,Win,Wolves,1.0,Win,Watford,1.0,,,,Loss,Aston Villa,-2.0,,Loss,Tottenham,-1.0,5.8,Draw,Aston Villa,0.0,5.4,13,2022,4,Apr,22-25,Knee,Minor (<=14d),Squad player,0.0,1.3333333333333333,3,1.0,3.0,2,-1.0,0.3333333333333333,3,5.866666666666667,5.6,-0.2666666666666675,-1.0,-1.6666666666666667,2,0,0,Declined
467,Jordan Beyer,Burnley,Center Back,23,2023/24,75,Meniscus Injury,2023-10-04,2023-10-30,Win,Luton Town,1.0,6.9,Loss,Newcastle,-2.0,6.1,Loss,Man United,-1.0,7.0,Loss,Chelsea,-3.0,Loss,Brentford,-3.0,Loss,Bournemouth,-1.0,Loss,Crystal Palace,-2.0,5.8,Loss,Arsenal,-3.0,6.3,Loss,West Ham,-1.0,6.4,26,2023,10,Oct,22-25,Knee,Moderate (15-45d),Squad player,-0.6666666666666666,1.0,3,-2.3333333333333335,0.0,3,-2.0,0.0,3,6.666666666666667,6.166666666666667,-0.5,1.666666666666667,1.0,0,0,3,Declined
468,Hjalmar Ekdal,Burnley,Center Back,23,2023/24,73,Knee Injury,2023-08-30,2023-11-18,,,,,,,,,,,,,Loss,Tottenham,-3.0,Draw,Nottm Forest,0.0,Loss,Man United,-1.0,Win,Sheffield,5.0,6.0,Loss,Wolves,-1.0,6.4,Draw,Brighton,0.0,6.0,80,2023,8,Aug,22-25,Knee,Major (46-90d),Squad player,,,0,-1.3333333333333333,0.3333333333333333,3,1.3333333333333333,1.3333333333333333,3,,6.133333333333333,,,,0,1,2,
469,Mike Trésor,Burnley,Left Winger,24,2023/24,78,Hamstring Injury,2023-08-10,2023-09-17,,,,,,,,,,,,,Loss,Tottenham,-3.0,,,,,,,Draw,Nottm Forest,0.0,6.0,Loss,Man United,-1.0,,Loss,Chelsea,-3.0,5.6,38,2023,8,Aug,22-25,Hamstring,Moderate (15-45d),Squad player,,,0,-3.0,0.0,1,-1.3333333333333333,0.3333333333333333,3,,5.8,,,,0,0,1,
470,Luca Koleosho,Burnley,Right Winger,19,2023/24,68,Knee Injury,2023-12-06,2024-06-17,Loss,Wolves,-1.0,6.0,Win,Sheffield,5.0,7.2,Loss,West Ham,-1.0,6.0,Draw,Brighton,0.0,Loss,Everton,-2.0,Win,Fulham,2.0,,,,,,,,,,,,,194,2023,12,Dec,<=21,Knee,Severe (>90d),Squad player,1.0,1.0,3,0.0,1.3333333333333333,3,,,0,6.3999999999999995,,,1.0,-0.33333333333333326,1,1,1,
471,Nathan Redmond,Burnley,Right Winger,29,2023/24,75,Unknown Injur,2023-09-10,2023-10-15,Loss,Tottenham,-3.0,,Loss,Aston Villa,-2.0,5.7,,,,,Draw,Nottm Forest,0.0,Loss,Man United,-1.0,Loss,Newcastle,-2.0,Loss,Brentford,-3.0,6.0,Loss,Crystal Palace,-2.0,5.0,Win,Sheffield,5.0,6.0,35,2023,9,Sep,26-29,Other,Moderate (15-45d),Squad player,-2.5,0.0,2,-1.0,0.3333333333333333,3,0.0,1.0,3,5.7,5.666666666666667,-0.033333333333333215,-1.5,-0.3333333333333333,0,1,2,Stable
472,Lyle Foster,Burnley,Center Forward,23,2023/24,69,Depression,2023-11-09,2023-12-10,Loss,Brentford,-3.0,5.9,Loss,Chelsea,-3.0,5.7,Win,Luton Town,1.0,6.9,Loss,Arsenal,-2.0,Loss,West Ham,-1.0,Win,Sheffield,5.0,Loss,Everton,-2.0,6.0,Win,Fulham,2.0,6.1,Loss,Liverpool,-2.0,5.1,31,2023,11,Nov,22-25,Other,Moderate (15-45d),Squad player,-1.6666666666666667,1.0,3,0.6666666666666666,1.0,3,-0.6666666666666666,1.0,3,6.166666666666667,5.733333333333333,-0.43333333333333357,-2.3333333333333335,0.0,1,0,2,Declined
473,Ameen Al-Dakhil,Burnley,Center Back,21,2023/24,72,Muscle Injury,2024-02-08,2024-09-23,Loss,Man City,-2.0,6.8,Draw,Luton Town,0.0,6.3,,,,,Loss,Liverpool,-2.0,Loss,Arsenal,-5.0,Loss,Crystal Palace,-3.0,,,,,,,,,,,,,228,2024,2,Feb,<=21,Thigh / Muscle,Severe (>90d),Squad player,-1.0,0.5,2,-3.3333333333333335,0.0,3,,,0,6.55,,,2.3333333333333335,0.5,0,0,3,
474,Vitinho,Burnley,Right Back,24,2023/24,71,Knee Injury,2023-08-30,2023-09-25,Loss,Man City,-3.0,5.5,,,,,,,,,Loss,Tottenham,-3.0,Draw,Nottm Forest,0.0,Loss,Man United,-1.0,Loss,Chelsea,-3.0,5.3,Loss,Bournemouth,-1.0,5.3,Loss,Crystal Palace,-2.0,6.0,26,2023,8,Aug,22-25,Knee,Moderate (15-45d),Squad player,-3.0,0.0,1,-1.3333333333333333,0.3333333333333333,3,-2.0,0.0,3,5.5,5.533333333333334,0.0333333333333341,-1.6666666666666667,-0.3333333333333333,0,1,2,Stable
475,Jordan Pickford,Everton,Goalkeeper,26,2020/21,80,Chest Injury,2021-01-28,2021-02-18,Loss,Newcastle,-2.0,5.9,Draw,Leicester,0.0,6.5,Win,Wolves,1.0,6.3,Win,Leeds,1.0,Draw,Man United,0.0,Loss,Fulham,-2.0,Loss,Man City,-2.0,6.0,Win,Liverpool,2.0,8.2,Win,Southampton,1.0,6.7,21,2021,1,Jan,26-29,Other,Moderate (15-45d),Squad player,-0.3333333333333333,1.3333333333333333,3,-0.3333333333333333,1.3333333333333333,3,0.3333333333333333,2.0,3,6.233333333333333,6.966666666666666,0.7333333333333325,0.0,0.0,1,1,1,Improved
476,Jordan Pickford,Everton,Goalkeeper,27,2021/22,81,Shoulder Injury,2021-09-13,2021-09-27,Win,Burnley,2.0,7.3,Win,Brighton,2.0,7.0,Draw,Leeds,0.0,7.0,Loss,Aston Villa,-3.0,,,,,,,Win,Norwich City,2.0,6.0,Draw,Man United,0.0,7.1,Loss,West Ham,-1.0,6.8,14,2021,9,Sep,26-29,Shoulder / Arm,Minor (<=14d),Star (top 25%),1.3333333333333333,2.3333333333333335,3,-3.0,0.0,1,0.3333333333333333,1.3333333333333333,3,7.1000000000000005,6.633333333333333,-0.4666666666666677,4.333333333333333,2.3333333333333335,0,0,1,Declined
477,Jordan Pickford,Everton,Goalkeeper,28,2022/23,82,Thigh Problems,2022-09-09,2022-09-27,Draw,Liverpool,0.0,9.0,Draw,Leeds,0.0,6.0,Draw,Brentford,0.0,7.3,Win,West Ham,1.0,,,,,,,Win,Southampton,1.0,7.5,Loss,Man United,-1.0,5.9,Loss,Tottenham,-2.0,6.0,18,2022,9,Sep,26-29,Thigh / Muscle,Moderate (15-45d),Star (top 25%),0.0,1.0,3,1.0,3.0,1,-0.6666666666666666,1.0,3,7.433333333333334,6.466666666666666,-0.9666666666666677,-1.0,-2.0,1,0,0,Declined
478,Michael Keane,Everton,Center Back,27,2019/20,79,Neck Injury,2020-01-17,2020-01-20,Win,Brighton,1.0,7.6,Win,Newcastle,1.0,6.2,Draw,Arsenal,0.0,,Draw,West Ham,0.0,,,,,,,Win,Watford,1.0,,Win,Crystal Palace,2.0,6.4,Draw,Man United,0.0,6.6,3,2020,1,Jan,26-29,Other,Minor (<=14d),Squad player,0.6666666666666666,2.3333333333333335,3,0.0,1.0,1,1.0,2.3333333333333335,3,6.9,6.5,-0.40000000000000036,0.6666666666666666,1.3333333333333335,0,1,0,Declined
479,Yerry Mina,Everton,Center Back,25,2019/20,79,Knee Injury,2019-10-20,2019-11-02,Win,West Ham,2.0,7.1,Loss,Burnley,-1.0,6.6,Loss,Man City,-2.0,6.2,Loss,Brighton,-1.0,,,,,,,Draw,Tottenham,0.0,6.6,Win,Southampton,1.0,6.4,Loss,Norwich City,-2.0,5.8,13,2019,10,Oct,22-25,Knee,Minor (<=14d),Squad player,-0.3333333333333333,1.0,3,-1.0,0.0,1,-0.3333333333333333,1.3333333333333333,3,6.633333333333333,6.266666666666667,-0.36666666666666625,0.6666666666666667,1.0,0,0,1,Declined
480,Yerry Mina,Everton,Center Back,25,2019/20,79,Bruise,2019-12-06,2019-12-14,Loss,Liverpool,-3.0,5.8,Loss,Leicester,-1.0,6.1,Loss,Norwich City,-2.0,5.8,Win,Chelsea,2.0,,,,,,,Draw,Man United,0.0,5.9,Draw,Arsenal,0.0,7.1,Win,Burnley,1.0,8.1,8,2019,12,Dec,22-25,Other,Minor (<=14d),Squad player,-2.0,0.0,3,2.0,3.0,1,0.3333333333333333,1.6666666666666667,3,5.8999999999999995,7.033333333333334,1.1333333333333346,-4.0,-3.0,1,0,0,Improved
481,Yerry Mina,Everton,Center Back,25,2019/20,79,Muscle Injury,2020-06-02,2020-06-30,Loss,Arsenal,-1.0,6.5,Win,Crystal Palace,2.0,6.3,Win,Watford,1.0,8.6,Draw,Liverpool,0.0,Win,Norwich City,1.0,,,,Win,Leicester,1.0,,Loss,Tottenham,-1.0,6.6,Draw,Southampton,0.0,6.8,28,2020,6,Jun,22-25,Thigh / Muscle,Moderate (15-45d),Squad player,0.6666666666666666,2.0,3,0.5,2.0,2,0.0,1.3333333333333333,3,7.133333333333333,6.699999999999999,-0.43333333333333357,0.16666666666666663,0.0,1,1,0,Declined
482,Yerry Mina,Everton,Center Back,25,2019/20,79,Muscle Injury,2020-07-13,2020-09-12,Loss,Wolves,-3.0,6.2,Draw,Southampton,0.0,6.8,Loss,Tottenham,-1.0,6.6,Draw,Aston Villa,0.0,Win,Sheffield,1.0,Loss,Bournemouth,-2.0,,,,,,,,,,,,,61,2020,7,Jul,22-25,Thigh / Muscle,Major (46-90d),Squad player,-1.3333333333333333,0.3333333333333333,3,-0.3333333333333333,1.3333333333333333,3,,,0,6.533333333333334,,,-1.0,-1.0,1,1,1,
483,Yerry Mina,Everton,Center Back,26,2020/21,79,Calf Injury,2021-02-18,2021-03-12,Loss,Man City,-2.0,5.8,Win,Leeds,1.0,6.5,Loss,Newcastle,-2.0,6.4,Win,Liverpool,2.0,Win,Southampton,1.0,Win,West Brom,1.0,Draw,Crystal Palace,0.0,7.4,Draw,Brighton,0.0,6.8,Win,West Ham,1.0,6.6,22,2021,2,Feb,26-29,Calf / Achilles,Moderate (15-45d),Squad player,-1.0,1.0,3,1.3333333333333333,3.0,3,0.3333333333333333,1.6666666666666667,3,6.233333333333334,6.933333333333333,0.6999999999999984,-2.333333333333333,-2.0,3,0,0,Improved
484,Yerry Mina,Everton,Center Back,27,2021/22,79,Thigh Problems,2021-10-22,2021-11-30,Draw,Man United,0.0,6.8,Win,Norwich City,2.0,7.0,Loss,Aston Villa,-3.0,6.0,Loss,Watford,-3.0,Loss,Wolves,-1.0,Draw,Tottenham,0.0,Win,Arsenal,1.0,6.3,,,,,,,,,39,2021,10,Oct,26-29,Thigh / Muscle,Moderate (15-45d),Squad player,-0.3333333333333333,1.3333333333333333,3,-1.3333333333333333,0.3333333333333333,3,1.0,3.0,1,6.6000000000000005,6.3,-0.3000000000000007,1.0,1.0,0,1,2,Declined
485,Yerry Mina,Everton,Center Back,27,2021/22,79,Hamstring Injury,2022-02-08,2022-04-11,Loss,Newcastle,-2.0,5.9,Loss,Aston Villa,-1.0,7.0,Loss,Norwich City,-1.0,6.0,Win,Leeds,3.0,Loss,Southampton,-2.0,Loss,Man City,-1.0,Draw,Leicester,0.0,6.6,Win,Chelsea,1.0,6.4,Win,Leicester,1.0,4.7,62,2022,2,Feb,26-29,Hamstring,Major (46-90d),Squad player,-1.3333333333333333,0.0,3,0.0,1.0,3,0.6666666666666666,2.3333333333333335,3,6.3,5.8999999999999995,-0.40000000000000036,-1.3333333333333333,-1.0,1,0,2,Declined
486,Yerry Mina,Everton,Center Back,27,2022/23,76,Ankle Injury,2022-08-06,2022-10-31,Loss,Chelsea,-1.0,5.8,,,,,,,,,Loss,Aston Villa,-1.0,Draw,Nottm Forest,0.0,Draw,Brentford,0.0,Loss,Wolves,-1.0,7.1,,,,,,,,,86,2022,8,Aug,26-29,Ankle,Major (46-90d),Squad player,-1.0,0.0,1,-0.3333333333333333,0.6666666666666666,3,-1.0,0.0,1,5.8,7.1,1.2999999999999998,-0.6666666666666667,-0.6666666666666666,0,2,1,Improved
487,Mason Holgate,Everton,Center Back,22,2019/20,77,Calf Injury,2020-07-07,2020-07-15,Loss,Tottenham,-1.0,5.8,Win,Leicester,1.0,6.7,Win,Norwich City,1.0,8.1,Draw,Southampton,0.0,Loss,Wolves,-3.0,,,,Draw,Aston Villa,0.0,6.2,,,,,,,,,8,2020,7,Jul,22-25,Calf / Achilles,Minor (<=14d),Squad player,0.3333333333333333,2.0,3,-1.5,0.5,2,0.0,1.0,1,6.866666666666667,6.2,-0.666666666666667,1.8333333333333333,1.5,0,1,1,Declined
488,Mason Holgate,Everton,Center Back,22,2020/21,77,Ankle Injury,2020-09-18,2020-11-06,,,,,,,,,,,,,Win,West Brom,3.0,Win,Crystal Palace,1.0,Win,Brighton,2.0,Loss,Man United,-2.0,7.6,Loss,Leeds,-1.0,6.7,Win,Chelsea,1.0,6.9,49,2020,9,Sep,22-25,Ankle,Major (46-90d),Squad player,,,0,2.0,3.0,3,-0.6666666666666666,1.0,3,,7.066666666666667,,,,3,0,0,
489,Mason Holgate,Everton,Center Back,24,2022/23,75,Knee Injury,2022-08-27,2022-10-16,Draw,Brentford,0.0,6.7,Draw,Nottm Forest,0.0,6.5,Loss,Aston Villa,-1.0,6.0,Draw,Leeds,0.0,Draw,Liverpool,0.0,Win,West Ham,1.0,,,,,,,,,,,,,50,2022,8,Aug,22-25,Knee,Major (46-90d),Squad player,-0.3333333333333333,0.6666666666666666,3,0.3333333333333333,1.6666666666666667,3,,,0,6.3999999999999995,,,-0.6666666666666666,-1.0,1,2,0,
490,Lucas Digne,Everton,Left Back,26,2019/20,83,Calf Injury,2020-02-09,2020-03-07,Win,Crystal Palace,2.0,7.4,Win,Watford,1.0,6.6,Draw,Newcastle,0.0,7.7,Loss,Arsenal,-1.0,Draw,Man United,0.0,,,,Loss,Chelsea,-4.0,5.9,Draw,Liverpool,0.0,7.3,Win,Norwich City,1.0,7.9,27,2020,2,Feb,26-29,Calf / Achilles,Moderate (15-45d),Star (top 25%),1.0,2.3333333333333335,3,-0.5,0.5,2,-1.0,1.3333333333333333,3,7.233333333333333,7.033333333333334,-0.1999999999999993,1.5,1.8333333333333335,0,1,1,Stable
491,Lucas Digne,Everton,Left Back,27,2020/21,84,Ankle Injury,2020-11-26,2021-01-11,Win,Fulham,1.0,9.0,Loss,Man United,-2.0,6.4,Loss,Southampton,-2.0,5.7,Loss,Leeds,-1.0,Draw,Burnley,0.0,Win,Chelsea,1.0,Win,Wolves,1.0,6.3,Draw,Leicester,0.0,6.2,Loss,Newcastle,-2.0,7.6,46,2020,11,Nov,26-29,Ankle,Major (46-90d),Star (top 25%),-1.0,1.0,3,0.0,1.3333333333333333,3,-0.3333333333333333,1.3333333333333333,3,7.033333333333334,6.7,-0.3333333333333339,-1.0,-0.33333333333333326,1,1,1,Declined
492,Djibril Sidibé,Everton,Right Back,27,2019/20,78,Unknown Injury,2019-12-15,2019-12-18,Win,Chelsea,2.0,7.9,Loss,Liverpool,-3.0,5.6,Loss,Leicester,-1.0,7.6,Draw,Man United,0.0,,,,,,,Draw,Arsenal,0.0,7.2,Win,Burnley,1.0,7.0,Win,Newcastle,1.0,7.3,3,2019,12,Dec,26-29,Other,Minor (<=14d),Squad player,-0.6666666666666666,1.0,3,0.0,1.0,1,0.6666666666666666,2.3333333333333335,3,7.033333333333334,7.166666666666667,0.13333333333333286,-0.6666666666666666,0.0,0,1,0,Stable
493,Djibril Sidibé,Everton,Right Back,27,2019/20,78,Foot Injury,2020-06-21,2020-07-01,Loss,Chelsea,-4.0,5.9,Draw,Man United,0.0,,Loss,Arsenal,-1.0,6.2,Draw,Liverpool,0.0,Win,Norwich City,1.0,,,,Loss,Tottenham,-1.0,6.0,Draw,Southampton,0.0,6.2,Win,Sheffield,1.0,7.0,10,2020,6,Jun,26-29,Foot,Minor (<=14d),Squad player,-1.6666666666666667,0.3333333333333333,3,0.5,2.0,2,0.0,1.3333333333333333,3,6.050000000000001,6.3999999999999995,0.34999999999999876,-2.166666666666667,-1.6666666666666667,1,1,0,Improved
494,Séamus Coleman,Everton,Right Back,30,2019/20,78,Hamstring Injury,2019-11-24,2019-12-14,Loss,Norwich City,-2.0,,,,,,,,,,Loss,Leicester,-1.0,Loss,Liverpool,-3.0,Win,Chelsea,2.0,Draw,Man United,0.0,6.2,Win,Burnley,1.0,6.9,Win,Newcastle,1.0,,20,2019,11,Nov,30-33,Hamstring,Moderate (15-45d),Squad player,-2.0,0.0,1,-0.6666666666666666,1.0,3,0.6666666666666666,2.3333333333333335,3,,6.550000000000001,,-1.3333333333333335,-1.0,1,0,2,
495,Séamus Coleman,Everton,Right Back,30,2019/20,78,Hamstring Strain,2020-03-02,2020-06-14,Draw,Man United,0.0,5.7,Win,Crystal Palace,2.0,6.6,Draw,Newcastle,0.0,,Loss,Chelsea,-4.0,,,,,,,Draw,Liverpool,0.0,7.4,Win,Norwich City,1.0,6.6,Win,Leicester,1.0,6.9,104,2020,3,Mar,30-33,Hamstring,Severe (>90d),Squad player,0.6666666666666666,1.6666666666666667,3,-4.0,0.0,1,0.6666666666666666,2.3333333333333335,3,6.15,6.966666666666666,0.8166666666666655,4.666666666666667,1.6666666666666667,0,0,1,Improved
496,Séamus Coleman,Everton,Right Back,31,2020/21,79,Muscle Injury,2020-10-17,2020-12-18,Draw,Liverpool,0.0,5.8,Win,Brighton,2.0,6.8,Win,Crystal Palace,1.0,7.4,Loss,Southampton,-2.0,Loss,Newcastle,-1.0,Win,Fulham,1.0,Win,Sheffield,1.0,6.0,Loss,West Ham,-1.0,6.3,,,,,62,2020,10,Oct,30-33,Thigh / Muscle,Major (46-90d),Squad player,1.0,2.3333333333333335,3,-0.6666666666666666,1.0,3,0.0,1.5,2,6.666666666666667,6.15,-0.5166666666666666,1.6666666666666665,1.3333333333333335,1,0,2,Declined
497,Séamus Coleman,Everton,Right Back,31,2021/22,78,Hamstring Injury,2021-09-17,2021-10-15,Win,Burnley,2.0,6.3,Win,Brighton,2.0,6.4,Draw,Leeds,0.0,6.0,Loss,Aston Villa,-3.0,Win,Norwich City,2.0,Draw,Man United,0.0,Loss,West Ham,-1.0,6.2,Loss,Watford,-3.0,5.0,Loss,Wolves,-1.0,6.3,28,2021,9,Sep,30-33,Hamstring,Moderate (15-45d),Squad player,1.3333333333333333,2.3333333333333335,3,-0.3333333333333333,1.3333333333333333,3,-1.6666666666666667,0.0,3,6.233333333333333,5.833333333333333,-0.40000000000000036,1.6666666666666665,1.0000000000000002,1,1,1,Declined
498,Séamus Coleman,Everton,Right Back,33,2022/23,75,Knee Injury,2023-05-01,2023-11-23,Draw,Leicester,0.0,6.3,Loss,Man United,-2.0,5.8,Draw,Tottenham,0.0,6.2,Win,Brighton,4.0,Loss,Man City,-3.0,Draw,Wolves,0.0,Win,Newcastle,3.0,6.8,,,,,,,,,206,2023,5,May,30-33,Knee,Severe (>90d),Squad player,-0.6666666666666666,0.6666666666666666,3,0.3333333333333333,1.3333333333333333,3,3.0,3.0,1,6.1000000000000005,6.8,0.6999999999999993,-1.0,-0.6666666666666666,1,1,1,Improved
499,Jean-Philippe Gbamin,Everton,Defensive Midfielder,24,2019/20,79,"Hamstring Injury, Archilles Tendon Rupture And Inner Ligament Injury",2019-08-18,2021-06-30,Win,Watford,1.0,6.7,Draw,Crystal Palace,0.0,,,,,,Loss,Aston Villa,-2.0,Win,Wolves,1.0,Loss,Bournemouth,-2.0,,,,,,,,,,,,,682,2019,8,Aug,22-25,Hamstring,Severe (>90d),Squad player,0.5,2.0,2,-1.0,1.0,3,,,0,6.7,,,1.5,1.0,1,0,2,
500,Morgan Schneiderlin,Everton,Defensive Midfielder,29,2019/20,76,Calf Strain,2019-12-08,2020-01-04,Win,Chelsea,2.0,6.3,Loss,Liverpool,-3.0,,Loss,Leicester,-1.0,,Draw,Man United,0.0,Draw,Arsenal,0.0,Win,Burnley,1.0,Draw,Newcastle,0.0,7.8,Win,Watford,1.0,,Win,Crystal Palace,2.0,7.6,27,2019,12,Dec,26-29,Calf / Achilles,Moderate (15-45d),Squad player,-0.6666666666666666,1.0,3,0.3333333333333333,1.6666666666666667,3,1.0,2.3333333333333335,3,6.3,7.699999999999999,1.3999999999999995,-1.0,-0.6666666666666667,1,2,0,Improved
501,Morgan Schneiderlin,Everton,Defensive Midfielder,29,2019/20,76,Knee Injury,2020-02-24,2020-08-22,Loss,Arsenal,-1.0,5.7,Win,Crystal Palace,2.0,7.6,Win,Watford,1.0,,Draw,Man United,0.0,Loss,Chelsea,-4.0,Draw,Liverpool,0.0,,,,,,,,,,,,,180,2020,2,Feb,26-29,Knee,Severe (>90d),Squad player,0.6666666666666666,2.0,3,-1.3333333333333333,0.6666666666666666,3,,,0,6.65,,,2.0,1.3333333333333335,0,2,1,
502,André Gomes,Everton,Central Midfielder,26,2019/20,80,Bruised Ribs,2019-09-02,2019-10-04,Win,Wolves,1.0,7.3,Loss,Aston Villa,-2.0,6.4,Win,Watford,1.0,6.4,Loss,Bournemouth,-2.0,Loss,Sheffield,-2.0,Loss,Man City,-2.0,Win,West Ham,2.0,7.0,Loss,Brighton,-1.0,6.2,Draw,Tottenham,0.0,6.0,32,2019,9,Sep,26-29,Other,Moderate (15-45d),Squad player,0.0,2.0,3,-2.0,0.0,3,0.3333333333333333,1.3333333333333333,3,6.7,6.3999999999999995,-0.3000000000000007,2.0,2.0,0,0,3,Declined
503,André Gomes,Everton,Central Midfielder,26,2019/20,80,Ankle Injury,2019-11-04,2020-02-21,Win,West Ham,2.0,7.0,Loss,Brighton,-1.0,6.2,Draw,Tottenham,0.0,6.0,Win,Southampton,1.0,Loss,Norwich City,-2.0,Loss,Leicester,-1.0,Loss,Arsenal,-1.0,,Draw,Man United,0.0,6.8,Loss,Chelsea,-4.0,6.0,109,2019,11,Nov,26-29,Ankle,Severe (>90d),Squad player,0.3333333333333333,1.3333333333333333,3,-0.6666666666666666,1.0,3,-1.6666666666666667,0.3333333333333333,3,6.3999999999999995,6.4,8.881784197001252e-16,1.0,0.33333333333333326,1,0,2,Stable
504,André Gomes,Everton,Central Midfielder,27,2020/21,79,Bruise,2020-09-27,2020-10-16,Win,Crystal Palace,1.0,6.7,Win,West Brom,3.0,7.1,Win,Tottenham,1.0,6.4,Win,Brighton,2.0,,,,,,,Draw,Liverpool,0.0,6.0,Loss,Newcastle,-1.0,5.2,,,,,19,2020,9,Sep,26-29,Other,Moderate (15-45d),Squad player,1.6666666666666667,3.0,3,2.0,3.0,1,-0.5,0.5,2,6.733333333333334,5.6,-1.1333333333333346,-0.33333333333333326,0.0,1,0,0,Declined
505,André Gomes,Everton,Central Midfielder,28,2021/22,76,Calf Injury,2021-09-21,2021-12-05,Loss,Aston Villa,-3.0,,Win,Burnley,2.0,,Win,Brighton,2.0,,Win,Norwich City,2.0,Draw,Man United,0.0,Loss,West Ham,-1.0,Win,Arsenal,1.0,,Loss,Crystal Palace,-2.0,6.2,Draw,Chelsea,0.0,5.6,75,2021,9,Sep,26-29,Calf / Achilles,Major (46-90d),Squad player,0.3333333333333333,2.0,3,0.3333333333333333,1.3333333333333333,3,-0.3333333333333333,1.3333333333333333,3,,5.9,,0.0,0.6666666666666667,1,1,1,
506,André Gomes,Everton,Central Midfielder,29,2023/24,77,Fitness,2023-08-13,2023-12-03,,,,,,,,,,,,,Loss,Aston Villa,-4.0,Loss,Wolves,-1.0,Draw,Sheffield,0.0,Loss,Tottenham,-1.0,,Loss,Man City,-2.0,5.5,Loss,Wolves,-3.0,6.0,112,2023,8,Aug,26-29,Other,Severe (>90d),Squad player,,,0,-1.6666666666666667,0.3333333333333333,3,-2.0,0.0,3,,5.75,,,,0,1,2,
507,Tom Davies,Everton,Central Midfielder,21,2019/20,75,Ill,2020-01-30,2020-02-04,Draw,West Ham,0.0,6.3,Win,Brighton,1.0,6.7,Loss,Man City,-1.0,6.7,Win,Watford,1.0,,,,,,,Win,Crystal Palace,2.0,,Draw,Man United,0.0,6.5,Loss,Chelsea,-4.0,5.5,5,2020,1,Jan,<=21,Other,Minor (<=14d),Squad player,0.0,1.3333333333333333,3,1.0,3.0,1,-0.6666666666666666,1.3333333333333333,3,6.566666666666666,6.0,-0.5666666666666664,-1.0,-1.6666666666666667,1,0,0,Declined
508,Tom Davies,Everton,Central Midfielder,22,2020/21,75,Bruise,2020-10-28,2020-11-04,Win,Brighton,2.0,7.0,,,,,,,,,Loss,Newcastle,-1.0,,,,,,,Win,Fulham,1.0,,Loss,Leeds,-1.0,6.1,,,,,7,2020,10,Oct,22-25,Other,Minor (<=14d),Squad player,2.0,3.0,1,-1.0,0.0,1,0.0,1.5,2,7.0,6.1,-0.9000000000000004,3.0,3.0,0,0,1,Declined
509,Tom Davies,Everton,Central Midfielder,23,2021/22,75,Knee Injury,2021-11-19,2022-06-30,Draw,Tottenham,0.0,,Loss,Watford,-3.0,6.0,Draw,Man United,0.0,,Loss,Man City,-3.0,Loss,Brentford,-1.0,Loss,Liverpool,-3.0,,,,,,,,,,,,,223,2021,11,Nov,22-25,Knee,Severe (>90d),Squad player,-1.0,0.6666666666666666,3,-2.3333333333333335,0.0,3,,,0,6.0,,,1.3333333333333335,0.6666666666666666,0,0,3,
510,Fabian Delph,Everton,Central Midfielder,28,2019/20,77,Calf Injury,2019-08-03,2019-08-31,,,,,,,,,,,,,Draw,Crystal Palace,0.0,Win,Watford,1.0,Loss,Aston Villa,-2.0,Win,Wolves,1.0,6.6,Loss,Bournemouth,-2.0,5.8,Loss,Sheffield,-2.0,6.5,28,2019,8,Aug,26-29,Calf / Achilles,Moderate (15-45d),Squad player,,,0,-0.3333333333333333,1.3333333333333333,3,-1.0,1.0,3,,6.3,,,,1,1,1,
511,Fabian Delph,Everton,Central Midfielder,28,2019/20,77,Muscle Injury,2019-10-06,2019-10-24,Loss,Sheffield,-2.0,6.5,Loss,Man City,-2.0,6.5,Loss,Burnley,-1.0,6.4,Win,West Ham,2.0,,,,,,,Loss,Brighton,-1.0,,Draw,Tottenham,0.0,7.0,,,,,18,2019,10,Oct,26-29,Thigh / Muscle,Moderate (15-45d),Squad player,-1.6666666666666667,0.0,3,2.0,3.0,1,-0.5,0.5,2,6.466666666666666,7.0,0.5333333333333341,-3.666666666666667,-3.0,1,0,0,Improved
512,Fabian Delph,Everton,Central Midfielder,28,2019/20,77,Muscle Injury,2019-11-04,2019-12-20,Draw,Tottenham,0.0,7.0,Loss,Brighton,-1.0,,,,,,Win,Southampton,1.0,Loss,Norwich City,-2.0,Loss,Leicester,-1.0,Draw,Arsenal,0.0,6.8,Win,Burnley,1.0,6.7,Win,Newcastle,1.0,,46,2019,11,Nov,26-29,Thigh / Muscle,Major (46-90d),Squad player,-0.5,0.5,2,-0.6666666666666666,1.0,3,0.6666666666666666,2.3333333333333335,3,7.0,6.75,-0.25,0.16666666666666663,-0.5,1,0,2,Declined
513,Fabian Delph,Everton,Central Midfielder,29,2019/20,77,Calf Injury,2020-06-02,2020-09-23,Loss,Arsenal,-1.0,6.4,Win,Watford,1.0,5.6,Draw,Newcastle,0.0,6.9,Draw,Liverpool,0.0,Win,Norwich City,1.0,Win,Leicester,1.0,Win,Brighton,2.0,,Loss,Southampton,-2.0,,Loss,Newcastle,-1.0,7.0,113,2020,6,Jun,26-29,Calf / Achilles,Severe (>90d),Squad player,0.0,1.3333333333333333,3,0.6666666666666666,2.3333333333333335,3,-0.3333333333333333,1.0,3,6.3,7.0,0.7000000000000002,-0.6666666666666666,-1.0000000000000002,2,1,0,Improved
514,Fabian Delph,Everton,Central Midfielder,29,2020/21,75,Bruise,2020-11-02,2020-11-27,Win,Brighton,2.0,,Loss,Southampton,-2.0,,Loss,Newcastle,-1.0,7.0,Loss,Man United,-2.0,Win,Fulham,1.0,,,,Loss,Leeds,-1.0,,Draw,Burnley,0.0,5.6,,,,,25,2020,11,Nov,26-29,Other,Moderate (15-45d),Squad player,-0.3333333333333333,1.0,3,-0.5,1.5,2,-0.5,0.5,2,7.0,5.6,-1.4000000000000004,0.16666666666666669,-0.5,1,0,1,Declined
515,Fabian Delph,Everton,Central Midfielder,30,2020/21,75,Hamstring Injury,2020-12-06,2021-02-03,Loss,Leeds,-1.0,,Draw,Burnley,0.0,5.6,,,,,Win,Chelsea,1.0,Win,Leicester,2.0,Win,Arsenal,1.0,,,,,,,,,,,,,59,2020,12,Dec,30-33,Hamstring,Major (46-90d),Squad player,-0.5,0.5,2,1.3333333333333333,3.0,3,,,0,5.6,,,-1.8333333333333333,-2.5,3,0,0,
516,Fabian Delph,Everton,Central Midfielder,30,2021/22,75,Shoulder Injury,2021-08-27,2021-10-25,,,,,,,,,,,,,Win,Brighton,2.0,Win,Burnley,2.0,Loss,Aston Villa,-3.0,Loss,Wolves,-1.0,,Draw,Tottenham,0.0,7.0,Loss,Man City,-3.0,5.0,59,2021,8,Aug,30-33,Shoulder / Arm,Major (46-90d),Squad player,,,0,0.3333333333333333,2.0,3,-1.3333333333333333,0.3333333333333333,3,,6.0,,,,2,0,1,
517,Fabian Delph,Everton,Central Midfielder,31,2021/22,75,Hamstring Injury,2022-01-21,2022-04-05,,,,,,,,,,,,,Loss,Aston Villa,-1.0,Loss,Newcastle,-2.0,Win,Leeds,3.0,Win,Man United,1.0,8.0,Draw,Leicester,0.0,7.0,Win,Chelsea,1.0,6.0,74,2022,1,Jan,30-33,Hamstring,Major (46-90d),Squad player,,,0,0.0,1.0,3,0.6666666666666666,2.3333333333333335,3,,7.0,,,,1,0,2,
518,Gylfi Sigurdsson,Everton,Attacking Midfielder,30,2019/20,80,Knock,2019-12-08,2019-12-20,Win,Chelsea,2.0,6.6,Loss,Liverpool,-3.0,6.5,Loss,Leicester,-1.0,6.3,Draw,Man United,0.0,,,,,,,Draw,Arsenal,0.0,6.6,Win,Burnley,1.0,7.2,Win,Newcastle,1.0,6.6,12,2019,12,Dec,30-33,Other,Minor (<=14d),Squad player,-0.6666666666666666,1.0,3,0.0,1.0,1,0.6666666666666666,2.3333333333333335,3,6.466666666666666,6.8,0.3333333333333339,-0.6666666666666666,0.0,0,1,0,Improved
519,Gylfi Sigurdsson,Everton,Attacking Midfielder,30,2019/20,80,Groin Injury,2020-01-12,2020-01-31,Win,Newcastle,1.0,6.6,Loss,Man City,-1.0,6.3,Win,Brighton,1.0,6.9,Draw,West Ham,0.0,Draw,Newcastle,0.0,,,,Win,Watford,1.0,7.2,Win,Crystal Palace,2.0,6.6,Loss,Arsenal,-1.0,5.7,19,2020,1,Jan,30-33,Groin / Hip,Moderate (15-45d),Squad player,0.3333333333333333,2.0,3,0.0,1.0,2,0.6666666666666666,2.0,3,6.599999999999999,6.5,-0.09999999999999876,0.3333333333333333,1.0,0,2,0,Stable
520,Alex Iwobi,Everton,Left Winger,23,2019/20,77,Hamstring Injury,2019-12-23,2020-01-27,Draw,Arsenal,0.0,5.6,Draw,Man United,0.0,6.3,Win,Chelsea,2.0,5.8,Win,Burnley,1.0,Win,Newcastle,1.0,Loss,Man City,-1.0,Win,Watford,1.0,5.8,Loss,Arsenal,-1.0,6.4,,,,,35,2019,12,Dec,22-25,Hamstring,Moderate (15-45d),Squad player,0.6666666666666666,1.6666666666666667,3,0.3333333333333333,2.0,3,0.0,1.5,2,5.8999999999999995,6.1,0.20000000000000018,0.3333333333333333,-0.33333333333333326,2,0,1,Improved
521,Alex Iwobi,Everton,Left Winger,25,2021/22,76,Calf Injury,2021-10-01,2021-10-13,Win,Norwich City,2.0,7.0,Loss,Aston Villa,-3.0,6.0,Win,Brighton,2.0,,Draw,Man United,0.0,,,,,,,Loss,West Ham,-1.0,5.5,Loss,Wolves,-1.0,7.9,Loss,Man City,-3.0,,12,2021,10,Oct,22-25,Calf / Achilles,Minor (<=14d),Squad player,0.3333333333333333,2.0,3,0.0,1.0,1,-1.6666666666666667,0.0,3,6.5,6.7,0.20000000000000018,0.3333333333333333,1.0,0,1,0,Improved
522,Alex Iwobi,Everton,Left Winger,27,2023/24,76,Hamstring Injury,2023-08-20,2023-09-15,Loss,Aston Villa,-4.0,5.2,Loss,Fulham,-1.0,6.4,,,,,Loss,Wolves,-1.0,,,,,,,,,,,,,,,,,,,26,2023,8,Aug,26-29,Hamstring,Moderate (15-45d),Squad player,-2.5,0.0,2,-1.0,0.0,1,,,0,5.800000000000001,,,-1.5,0.0,0,0,1,
523,Bernard,Everton,Left Winger,27,2019/20,78,Ill,2019-09-26,2019-10-04,Loss,Sheffield,-2.0,5.8,Loss,Bournemouth,-2.0,,Win,Wolves,1.0,,Loss,Man City,-2.0,,,,,,,Win,West Ham,2.0,7.2,Loss,Brighton,-1.0,5.4,,,,,8,2019,9,Sep,26-29,Other,Minor (<=14d),Squad player,-1.0,1.0,3,-2.0,0.0,1,0.5,1.5,2,5.8,6.300000000000001,0.5000000000000009,1.0,1.0,0,0,1,Improved
524,Bernard,Everton,Left Winger,27,2019/20,78,Knee Injury,2019-10-27,2019-11-30,Win,West Ham,2.0,7.2,Loss,Brighton,-1.0,5.4,,,,,Draw,Tottenham,0.0,Win,Southampton,1.0,Loss,Norwich City,-2.0,Loss,Liverpool,-3.0,,Draw,Man United,0.0,6.2,Win,Burnley,1.0,6.4,34,2019,10,Oct,26-29,Knee,Moderate (15-45d),Squad player,0.5,1.5,2,-0.3333333333333333,1.3333333333333333,3,-0.6666666666666666,1.3333333333333333,3,6.300000000000001,6.300000000000001,0.0,0.8333333333333333,0.16666666666666674,1,1,1,Stable
525,Bernard,Everton,Left Winger,27,2019/20,78,Knee Injury,2020-01-01,2020-01-04,Loss,Liverpool,-3.0,,Draw,Man United,0.0,6.2,Win,Burnley,1.0,6.4,Loss,Man City,-1.0,,,,,,,Win,Brighton,1.0,6.4,Draw,West Ham,0.0,5.7,Draw,Newcastle,0.0,7.4,3,2020,1,Jan,26-29,Knee,Minor (<=14d),Squad player,-0.6666666666666666,1.3333333333333333,3,-1.0,0.0,1,0.3333333333333333,1.6666666666666667,3,6.300000000000001,6.5,0.1999999999999993,0.33333333333333337,1.3333333333333333,0,0,1,Stable
526,Anthony Gordon,Everton,Left Winger,21,2022/23,74,Ill,2022-12-29,2023-01-04,Loss,Wolves,-1.0,6.4,Loss,Bournemouth,-3.0,,Loss,Leicester,-2.0,,Draw,Man City,0.0,Loss,Brighton,-3.0,,,,Loss,Southampton,-1.0,,,,,,,,,,6,2022,12,Dec,<=21,Other,Minor (<=14d),Squad player,-2.0,0.0,3,-1.5,0.5,2,-1.0,0.0,1,6.4,,,-0.5,-0.5,0,1,1,
527,Theo Walcott,Everton,Right Winger,30,2019/20,76,Head Injury,2019-09-09,2019-10-18,Loss,Sheffield,-2.0,,Loss,Bournemouth,-2.0,,Loss,Aston Villa,-2.0,5.0,Loss,Burnley,-1.0,,,,,,,Win,West Ham,2.0,7.2,Win,Brighton,1.0,6.1,Draw,Tottenham,0.0,5.2,39,2019,9,Sep,30-33,Head,Moderate (15-45d),Squad player,-2.0,0.0,3,-1.0,0.0,1,1.0,2.3333333333333335,3,5.0,6.166666666666667,1.166666666666667,-1.0,0.0,0,0,1,Improved
528,Theo Walcott,Everton,Right Winger,30,2019/20,76,Knock,2019-11-24,2019-12-04,Loss,Norwich City,-2.0,5.9,Win,Southampton,1.0,5.7,Draw,Tottenham,0.0,5.2,Loss,Leicester,-1.0,,,,,,,Win,Chelsea,2.0,5.5,,,,,,,,,10,2019,11,Nov,30-33,Other,Minor (<=14d),Squad player,-0.3333333333333333,1.3333333333333333,3,-1.0,0.0,1,2.0,3.0,1,5.6000000000000005,5.5,-0.10000000000000053,0.6666666666666667,1.3333333333333333,0,0,1,Stable
529,Theo Walcott,Everton,Right Winger,30,2019/20,76,Calf Strain,2019-12-08,2019-12-25,Win,Chelsea,2.0,5.5,,,,,,,,,Draw,Man United,0.0,Draw,Arsenal,0.0,,,,Win,Newcastle,1.0,6.3,Loss,Man City,-1.0,,Win,Brighton,1.0,5.9,17,2019,12,Dec,30-33,Calf / Achilles,Moderate (15-45d),Squad player,2.0,3.0,1,0.0,1.0,2,0.3333333333333333,2.0,3,5.5,6.1,0.5999999999999996,2.0,2.0,0,2,0,Improved
530,Theo Walcott,Everton,Right Winger,30,2019/20,76,Knee Injury,2020-02-09,2020-02-28,Win,Crystal Palace,2.0,6.2,Win,Watford,1.0,6.6,Draw,Newcastle,0.0,6.8,Loss,Arsenal,-1.0,,,,,,,Draw,Man United,0.0,5.4,Loss,Chelsea,-4.0,,,,,,19,2020,2,Feb,30-33,Knee,Moderate (15-45d),Squad player,1.0,2.3333333333333335,3,-1.0,0.0,1,-2.0,0.5,2,6.533333333333334,5.4,-1.1333333333333337,2.0,2.3333333333333335,0,0,1,Declined
531,Theo Walcott,Everton,Right Winger,31,2019/20,76,Abdominal Muscle Strain,2020-06-08,2020-07-08,Draw,Man United,0.0,5.4,Loss,Chelsea,-4.0,,,,,,Draw,Liverpool,0.0,Win,Norwich City,1.0,Win,Leicester,1.0,Loss,Wolves,-3.0,5.5,Draw,Aston Villa,0.0,,Win,Sheffield,1.0,6.4,30,2020,6,Jun,30-33,Thigh / Muscle,Moderate (15-45d),Squad player,-2.0,0.5,2,0.6666666666666666,2.3333333333333335,3,-0.6666666666666666,1.3333333333333333,3,5.4,5.95,0.5499999999999998,-2.6666666666666665,-1.8333333333333335,2,1,0,Improved
532,Richarlison,Everton,Center Forward,22,2019/20,81,Knee Injury,2020-01-12,2020-01-30,Win,Brighton,1.0,8.3,Loss,Man City,-1.0,6.7,Win,Newcastle,1.0,7.5,Draw,West Ham,0.0,Draw,Newcastle,0.0,,,,Win,Watford,1.0,6.4,Win,Crystal Palace,2.0,7.8,Loss,Arsenal,-1.0,7.6,18,2020,1,Jan,22-25,Knee,Moderate (15-45d),Star (top 25%),0.3333333333333333,2.0,3,0.0,1.0,2,0.6666666666666666,2.0,3,7.5,7.266666666666666,-0.23333333333333428,0.3333333333333333,1.0,0,2,0,Declined
533,Richarlison,Everton,Center Forward,23,2020/21,81,Head Injury,2020-12-05,2020-12-31,Win,Arsenal,1.0,5.9,Win,Leicester,2.0,7.1,Win,Chelsea,1.0,6.8,Win,Sheffield,1.0,,,,,,,Loss,West Ham,-1.0,5.9,Draw,Leicester,0.0,5.9,Loss,Newcastle,-2.0,6.5,26,2020,12,Dec,22-25,Head,Moderate (15-45d),Star (top 25%),1.3333333333333333,3.0,3,1.0,3.0,1,-1.0,0.3333333333333333,3,6.6000000000000005,6.1000000000000005,-0.5,0.33333333333333326,0.0,1,0,0,Declined
534,Richarlison,Everton,Center Forward,24,2021/22,81,Knee Injury,2021-09-13,2021-10-22,Win,Burnley,2.0,5.7,Win,Brighton,2.0,5.7,Draw,Leeds,0.0,7.0,Loss,Aston Villa,-3.0,Win,Norwich City,2.0,Draw,Man United,0.0,Loss,Watford,-3.0,,Loss,Wolves,-1.0,5.8,Draw,Tottenham,0.0,5.8,39,2021,9,Sep,22-25,Knee,Moderate (15-45d),Star (top 25%),1.3333333333333333,2.3333333333333335,3,-0.3333333333333333,1.3333333333333333,3,-1.3333333333333333,0.3333333333333333,3,6.133333333333333,5.8,-0.33333333333333304,1.6666666666666665,1.0000000000000002,1,1,1,Declined
535,Richarlison,Everton,Center Forward,24,2021/22,81,Calf Injury,2021-12-12,2022-01-12,Loss,Crystal Palace,-2.0,4.9,Win,Arsenal,1.0,7.8,Loss,Liverpool,-3.0,6.0,Draw,Chelsea,0.0,Loss,Brighton,-1.0,,,,Loss,Norwich City,-1.0,,Loss,Aston Villa,-1.0,5.9,Loss,Newcastle,-2.0,6.0,31,2021,12,Dec,22-25,Calf / Achilles,Moderate (15-45d),Star (top 25%),-1.3333333333333333,1.0,3,-0.5,0.5,2,-1.3333333333333333,0.0,3,6.233333333333333,5.95,-0.2833333333333332,-0.8333333333333333,0.5,0,1,1,Declined
536,Moise Kean,Everton,Center Forward,20,2019/20,75,Knee Injury,2020-07-17,2020-07-25,Draw,Aston Villa,0.0,,Loss,Wolves,-3.0,,Draw,Southampton,0.0,,Win,Sheffield,1.0,,,,,,,Loss,Bournemouth,-2.0,7.8,,,,,,,,,8,2020,7,Jul,<=21,Knee,Minor (<=14d),Squad player,-1.0,0.6666666666666666,3,1.0,3.0,1,-2.0,0.0,1,,7.8,,-2.0,-2.3333333333333335,1,0,0,
537,Dominic Calvert-Lewin,Everton,Center Forward,23,2020/21,80,Muscle Injury,2021-01-02,2021-01-26,Loss,West Ham,-1.0,6.0,Win,Sheffield,1.0,6.0,Win,Arsenal,1.0,6.4,Win,Wolves,1.0,,,,,,,Draw,Leicester,0.0,5.9,Loss,Newcastle,-2.0,6.3,Win,Leeds,1.0,7.5,24,2021,1,Jan,22-25,Thigh / Muscle,Moderate (15-45d),Squad player,0.3333333333333333,2.0,3,1.0,3.0,1,-0.3333333333333333,1.3333333333333333,3,6.133333333333333,6.566666666666666,0.43333333333333357,-0.6666666666666667,-1.0,1,0,0,Improved
538,Dominic Calvert-Lewin,Everton,Center Forward,23,2020/21,80,Hamstring Injury,2021-02-11,2021-02-19,Loss,Newcastle,-2.0,6.3,Win,Leeds,1.0,7.5,Draw,Man United,0.0,7.2,Loss,Fulham,-2.0,Loss,Man City,-2.0,,,,Win,Liverpool,2.0,,Win,Southampton,1.0,6.3,Win,West Brom,1.0,6.5,8,2021,2,Feb,22-25,Hamstring,Minor (<=14d),Squad player,-0.3333333333333333,1.3333333333333333,3,-2.0,0.0,2,1.3333333333333333,3.0,3,7.0,6.4,-0.5999999999999996,1.6666666666666667,1.3333333333333333,0,0,2,Declined
539,Dominic Calvert-Lewin,Everton,Center Forward,24,2021/22,81,Broken Toe,2021-08-28,2021-12-31,Win,Brighton,2.0,6.6,Draw,Leeds,0.0,7.0,Win,Southampton,2.0,7.2,Win,Burnley,2.0,Loss,Aston Villa,-3.0,Win,Norwich City,2.0,Loss,Brighton,-1.0,5.6,Loss,Norwich City,-1.0,5.0,Loss,Aston Villa,-1.0,5.6,125,2021,8,Aug,22-25,Foot,Severe (>90d),Star (top 25%),1.3333333333333333,2.3333333333333335,3,0.3333333333333333,2.0,3,-1.0,0.0,3,6.933333333333334,5.3999999999999995,-1.533333333333334,1.0,0.3333333333333335,2,0,1,Declined
540,Dominic Calvert-Lewin,Everton,Center Forward,25,2021/22,81,Hamstring Injury,2022-04-12,2022-04-30,Win,Man United,1.0,5.0,Loss,Burnley,-1.0,5.5,Loss,West Ham,-1.0,6.0,Draw,Leicester,0.0,Loss,Liverpool,-2.0,,,,Loss,Brentford,-1.0,7.3,Win,Crystal Palace,1.0,7.4,Loss,Arsenal,-4.0,7.3,18,2022,4,Apr,22-25,Hamstring,Moderate (15-45d),Star (top 25%),-0.3333333333333333,1.0,3,-1.0,0.5,2,-1.3333333333333333,1.0,3,5.5,7.333333333333333,1.833333333333333,0.6666666666666667,0.5,0,1,1,Improved
541,Dominic Calvert-Lewin,Everton,Center Forward,25,2022/23,78,Knee Injury,2022-08-04,2022-10-03,,,,,,,,,,,,,Loss,Chelsea,-1.0,Loss,Aston Villa,-1.0,Draw,Nottm Forest,0.0,Loss,Man United,-1.0,6.0,Loss,Tottenham,-2.0,5.3,Loss,Newcastle,-1.0,5.1,60,2022,8,Aug,22-25,Knee,Major (46-90d),Squad player,,,0,-0.6666666666666666,0.3333333333333333,3,-1.3333333333333333,0.0,3,,5.466666666666666,,,,0,1,2,
542,Dominic Calvert-Lewin,Everton,Center Forward,25,2022/23,78,Hamstring Injury,2022-11-05,2022-12-28,Win,Crystal Palace,3.0,7.2,Draw,Fulham,0.0,5.6,Loss,Leicester,-2.0,6.8,Loss,Bournemouth,-3.0,Loss,Wolves,-1.0,,,,Draw,Man City,0.0,5.3,Loss,Brighton,-3.0,5.4,Loss,Southampton,-1.0,5.8,53,2022,11,Nov,22-25,Hamstring,Major (46-90d),Squad player,0.3333333333333333,1.3333333333333333,3,-2.0,0.0,2,-1.3333333333333333,0.3333333333333333,3,6.533333333333334,5.5,-1.033333333333334,2.3333333333333335,1.3333333333333333,0,0,2,Declined
543,Dominic Calvert-Lewin,Everton,Center Forward,25,2022/23,78,Hamstring Injury,2023-02-04,2023-04-20,Win,Arsenal,1.0,6.6,Loss,West Ham,-2.0,5.7,Loss,Southampton,-1.0,5.8,Loss,Liverpool,-2.0,Win,Leeds,1.0,Loss,Aston Villa,-2.0,Draw,Crystal Palace,0.0,6.1,Loss,Newcastle,-3.0,6.0,Draw,Leicester,0.0,7.0,75,2023,2,Feb,22-25,Hamstring,Major (46-90d),Squad player,-0.6666666666666666,1.0,3,-1.0,1.0,3,-1.0,0.6666666666666666,3,6.033333333333334,6.366666666666667,0.33333333333333304,0.33333333333333337,0.0,1,0,2,Improved
544,Dominic Calvert-Lewin,Everton,Center Forward,26,2022/23,78,Hamstring Injury,2023-05-20,2023-06-20,Win,Brighton,4.0,7.0,Loss,Man City,-3.0,5.2,Draw,Wolves,0.0,6.3,Win,Bournemouth,1.0,,,,,,,,,,,,,,,,,,,31,2023,5,May,26-29,Hamstring,Moderate (15-45d),Squad player,0.3333333333333333,1.3333333333333333,3,1.0,3.0,1,,,0,6.166666666666667,,,-0.6666666666666667,-1.6666666666666667,1,0,0,
545,Dominic Calvert-Lewin,Everton,Center Forward,26,2023/24,77,Fitness And Broken Cheekbone,2023-08-01,2023-09-14,,,,,,,,,,,,,Loss,Fulham,-1.0,Loss,Wolves,-1.0,Draw,Sheffield,0.0,Loss,Arsenal,-1.0,,Win,Brentford,1.0,,Loss,Luton Town,-1.0,7.4,44,2023,8,Aug,26-29,Ligament / Fracture,Moderate (15-45d),Squad player,,,0,-0.6666666666666666,0.3333333333333333,3,-0.3333333333333333,1.0,3,,7.4,,,,0,1,2,
546,Dominic Calvert-Lewin,Everton,Center Forward,27,2023/24,77,Ill,2024-04-25,2024-05-01,Win,Liverpool,2.0,7.3,Win,Nottm Forest,2.0,6.1,Win,Burnley,1.0,7.5,Win,Brentford,1.0,,,,,,,Draw,Luton Town,0.0,6.8,Win,Sheffield,1.0,7.9,Loss,Arsenal,-1.0,6.0,6,2024,4,Apr,26-29,Other,Minor (<=14d),Squad player,1.6666666666666667,3.0,3,1.0,3.0,1,0.0,1.3333333333333333,3,6.966666666666666,6.8999999999999995,-0.06666666666666643,0.6666666666666667,0.0,1,0,0,Stable
547,Cenk Tosun,Everton,Center Forward,28,2019/20,77,Groin Injury,2019-10-18,2019-10-27,Loss,Sheffield,-2.0,5.1,,,,,,,,,Win,West Ham,2.0,Loss,Brighton,-1.0,,,,Draw,Tottenham,0.0,,Win,Southampton,1.0,5.9,Loss,Norwich City,-2.0,6.4,9,2019,10,Oct,26-29,Groin / Hip,Minor (<=14d),Squad player,-2.0,0.0,1,0.5,1.5,2,-0.3333333333333333,1.3333333333333333,3,5.1,6.15,1.0500000000000007,-2.5,-1.5,1,0,1,Improved
548,Cenk Tosun,Everton,Center Forward,28,2019/20,77,Cruciate Ligament Surgery,2020-03-02,2020-10-26,Draw,Arsenal,0.0,,,,,,,,,,Loss,Chelsea,-4.0,Draw,Liverpool,0.0,Win,Norwich City,1.0,Loss,Newcastle,-1.0,,Loss,Man United,-2.0,,,,,,238,2020,3,Mar,26-29,Knee,Severe (>90d),Squad player,0.0,1.0,1,-1.0,1.3333333333333333,3,-1.5,0.0,2,,,,1.0,-0.33333333333333326,1,1,1,
549,Ben Godfrey,Everton,Center Back,22,2020/21,75,Hamstring Injury,2020-10-26,2020-11-06,Loss,Southampton,-2.0,5.8,Draw,Liverpool,0.0,,,,,,Loss,Newcastle,-1.0,,,,,,,Win,Fulham,1.0,5.6,Loss,Leeds,-1.0,6.3,Draw,Burnley,0.0,7.6,11,2020,10,Oct,22-25,Hamstring,Minor (<=14d),Squad player,-1.0,0.5,2,-1.0,0.0,1,0.0,1.3333333333333333,3,5.8,6.5,0.7000000000000002,0.0,0.5,0,0,1,Improved
550,Ben Godfrey,Everton,Center Back,24,2022/23,76,Broken Fibula,2022-08-06,2022-11-05,Loss,Chelsea,-1.0,6.0,,,,,,,,,Loss,Aston Villa,-1.0,Draw,Nottm Forest,0.0,Draw,Brentford,0.0,Loss,Wolves,-1.0,6.0,Draw,Man City,0.0,6.4,Loss,Southampton,-1.0,6.1,91,2022,8,Aug,22-25,Ligament / Fracture,Severe (>90d),Squad player,-1.0,0.0,1,-0.3333333333333333,0.6666666666666666,3,-0.6666666666666666,0.3333333333333333,3,6.0,6.166666666666667,0.16666666666666696,-0.6666666666666667,-0.6666666666666666,0,2,1,Stable
551,Ben Godfrey,Everton,Center Back,25,2022/23,76,Adductor Injury,2023-04-30,2023-05-30,Loss,Newcastle,-3.0,5.2,Draw,Crystal Palace,0.0,6.0,Loss,Fulham,-2.0,5.6,Draw,Leicester,0.0,Win,Brighton,4.0,Loss,Man City,-3.0,,,,,,,,,,,,,30,2023,4,Apr,22-25,Groin / Hip,Moderate (15-45d),Squad player,-1.6666666666666667,0.3333333333333333,3,0.3333333333333333,1.3333333333333333,3,,,0,5.599999999999999,,,-2.0,-1.0,1,1,1,
552,Allan,Everton,Defensive Midfielder,29,2020/21,83,Groin Injury,2020-10-02,2020-10-16,Win,Crystal Palace,1.0,6.3,Win,West Brom,3.0,7.2,Win,Tottenham,1.0,7.2,Win,Brighton,2.0,,,,,,,Draw,Liverpool,0.0,6.0,Loss,Southampton,-2.0,6.3,Loss,Newcastle,-1.0,6.8,14,2020,10,Oct,26-29,Groin / Hip,Minor (<=14d),Star (top 25%),1.6666666666666667,3.0,3,2.0,3.0,1,-1.0,0.3333333333333333,3,6.8999999999999995,6.366666666666667,-0.5333333333333323,-0.33333333333333326,0.0,1,0,0,Declined
553,Allan,Everton,Defensive Midfielder,29,2020/21,83,Muscle Injury,2020-12-17,2021-02-13,Win,Leicester,2.0,6.0,Win,Chelsea,1.0,7.1,Draw,Burnley,0.0,6.5,Win,Arsenal,1.0,Win,Sheffield,1.0,Loss,West Ham,-1.0,Win,Southampton,1.0,6.7,Win,West Brom,1.0,,Loss,Chelsea,-2.0,6.6,58,2020,12,Dec,26-29,Thigh / Muscle,Major (46-90d),Star (top 25%),1.0,2.3333333333333335,3,0.3333333333333333,2.0,3,0.0,2.0,3,6.533333333333334,6.65,0.11666666666666625,0.6666666666666667,0.3333333333333335,2,0,1,Stable
554,Abdoulaye Doucouré,Everton,Central Midfielder,28,2020/21,79,Foot Injury,2021-03-04,2021-05-07,Win,West Brom,1.0,6.5,Win,Southampton,1.0,6.7,Win,Liverpool,2.0,6.3,Loss,Chelsea,-2.0,Loss,Burnley,-1.0,Draw,Crystal Palace,0.0,Draw,Aston Villa,0.0,6.6,Loss,Sheffield,-1.0,6.7,Win,Wolves,1.0,7.2,64,2021,3,Mar,26-29,Foot,Major (46-90d),Squad player,1.3333333333333333,3.0,3,-1.0,0.3333333333333333,3,0.0,1.3333333333333333,3,6.5,6.833333333333333,0.33333333333333304,2.333333333333333,2.6666666666666665,0,1,2,Improved
555,Abdoulaye Doucouré,Everton,Central Midfielder,28,2021/22,79,Stress Reaction Of The Bone,2021-10-17,2021-11-28,Loss,West Ham,-1.0,6.8,Draw,Man United,0.0,7.6,Win,Norwich City,2.0,8.0,Loss,Watford,-3.0,Loss,Wolves,-1.0,Draw,Tottenham,0.0,Loss,Brentford,-1.0,6.4,Loss,Liverpool,-3.0,5.6,Win,Arsenal,1.0,6.5,42,2021,10,Oct,26-29,Ligament / Fracture,Moderate (15-45d),Squad player,0.3333333333333333,1.3333333333333333,3,-1.3333333333333333,0.3333333333333333,3,-1.0,1.0,3,7.466666666666666,6.166666666666667,-1.299999999999999,1.6666666666666665,1.0,0,1,2,Declined
556,Abdoulaye Doucouré,Everton,Central Midfielder,29,2022/23,77,Hamstring Injury,2022-08-13,2022-10-03,Loss,Aston Villa,-1.0,5.5,Loss,Chelsea,-1.0,6.7,,,,,Draw,Nottm Forest,0.0,Draw,Brentford,0.0,Draw,Leeds,0.0,Win,West Ham,1.0,,,,,,,,,,51,2022,8,Aug,26-29,Hamstring,Major (46-90d),Squad player,-1.0,0.0,2,0.0,1.0,3,1.0,3.0,1,6.1,,,-1.0,-1.0,0,3,0,
557,Abdoulaye Doucouré,Everton,Central Midfielder,30,2023/24,77,Thigh Problems,2023-12-17,2024-01-12,Win,Burnley,2.0,6.2,Win,Chelsea,2.0,7.0,Win,Newcastle,3.0,7.3,Loss,Tottenham,-1.0,Loss,Man City,-2.0,Loss,Wolves,-3.0,Draw,Aston Villa,0.0,6.2,Draw,Crystal Palace,0.0,5.9,Draw,Brighton,0.0,5.7,26,2023,12,Dec,30-33,Thigh / Muscle,Moderate (15-45d),Squad player,2.3333333333333335,3.0,3,-2.0,0.0,3,0.0,1.0,3,6.833333333333333,5.933333333333334,-0.8999999999999995,4.333333333333334,3.0,0,0,3,Declined
558,James Rodríguez,Everton,Attacking Midfielder,29,2020/21,82,Groin Injury,2020-10-26,2020-11-06,Loss,Southampton,-2.0,6.2,Draw,Liverpool,0.0,7.4,Win,Brighton,2.0,10.0,Loss,Newcastle,-1.0,,,,,,,Loss,Man United,-2.0,6.1,Win,Fulham,1.0,6.9,Loss,Leeds,-1.0,7.3,11,2020,10,Oct,26-29,Groin / Hip,Minor (<=14d),Star (top 25%),0.0,1.3333333333333333,3,-1.0,0.0,1,-0.6666666666666666,1.0,3,7.866666666666667,6.766666666666667,-1.1000000000000005,1.0,1.3333333333333333,0,0,1,Declined
559,James Rodríguez,Everton,Attacking Midfielder,29,2020/21,82,Calf Strain,2020-12-06,2020-12-31,Draw,Burnley,0.0,7.3,Win,Fulham,1.0,6.9,Loss,Leeds,-1.0,7.3,Win,Chelsea,1.0,Win,Leicester,2.0,Win,Arsenal,1.0,Loss,West Ham,-1.0,,Win,Wolves,1.0,6.4,Draw,Leicester,0.0,7.6,25,2020,12,Dec,26-29,Calf / Achilles,Moderate (15-45d),Star (top 25%),0.0,1.3333333333333333,3,1.3333333333333333,3.0,3,0.0,1.3333333333333333,3,7.166666666666667,7.0,-0.16666666666666696,-1.3333333333333333,-1.6666666666666667,3,0,0,Stable
560,James Rodríguez,Everton,Attacking Midfielder,29,2020/21,82,Calf Injury,2021-02-22,2021-04-01,Win,Liverpool,2.0,7.2,Loss,Man City,-2.0,,Loss,Fulham,-2.0,6.2,Win,Southampton,1.0,Win,West Brom,1.0,Loss,Chelsea,-2.0,Draw,Crystal Palace,0.0,8.1,Draw,Brighton,0.0,6.5,Draw,Tottenham,0.0,7.3,38,2021,2,Feb,26-29,Calf / Achilles,Moderate (15-45d),Star (top 25%),-0.6666666666666666,1.0,3,0.0,2.0,3,0.0,1.0,3,6.7,7.3,0.5999999999999996,-0.6666666666666666,-1.0,2,0,1,Improved
561,James Rodríguez,Everton,Attacking Midfielder,29,2020/21,82,Calf Injury,2021-05-01,2021-05-14,Win,Arsenal,1.0,6.3,Draw,Brighton,0.0,6.5,Draw,Tottenham,0.0,7.3,Loss,Aston Villa,-1.0,Win,West Ham,0.0,Draw,Aston Villa,0.0,Loss,Sheffield,-1.0,7.1,,,,,,,,,13,2021,5,May,26-29,Calf / Achilles,Minor (<=14d),Star (top 25%),0.3333333333333333,1.6666666666666667,3,-0.3333333333333333,1.3333333333333333,3,-1.0,0.0,1,6.7,7.1,0.39999999999999947,0.6666666666666666,0.3333333333333335,1,1,1,Improved
562,Vitaliy Mykolenko,Everton,Left Back,22,2021/22,76,Coronavirus,2022-02-07,2022-02-16,Loss,Norwich City,-1.0,5.0,,,,,,,,,Loss,Newcastle,-2.0,Win,Leeds,3.0,,,,Loss,Tottenham,-5.0,,Loss,Wolves,-1.0,5.6,,,,,9,2022,2,Feb,22-25,Illness,Minor (<=14d),Squad player,-1.0,0.0,1,0.5,1.5,2,-3.0,0.0,2,5.0,5.6,0.5999999999999996,-1.5,-1.5,1,0,1,Improved
563,Vitaliy Mykolenko,Everton,Left Back,22,2022/23,76,Muscle Fatigue,2023-05-13,2023-06-05,Win,Brighton,4.0,6.8,Draw,Leicester,0.0,6.0,Loss,Newcastle,-3.0,5.6,Loss,Man City,-3.0,Draw,Wolves,0.0,Win,Bournemouth,1.0,,,,,,,,,,,,,23,2023,5,May,22-25,Thigh / Muscle,Moderate (15-45d),Squad player,0.3333333333333333,1.3333333333333333,3,-0.6666666666666666,1.3333333333333333,3,,,0,6.133333333333333,,,1.0,0.0,1,1,1,
564,Vitaliy Mykolenko,Everton,Left Back,24,2023/24,75,Groin Injury,2023-12-15,2023-12-22,Win,Chelsea,2.0,6.8,Win,Newcastle,3.0,6.5,Win,Nottm Forest,1.0,6.7,Win,Burnley,2.0,,,,,,,Loss,Tottenham,-1.0,6.9,Loss,Man City,-2.0,5.5,Loss,Wolves,-3.0,6.7,7,2023,12,Dec,22-25,Groin / Hip,Minor (<=14d),Squad player,2.0,3.0,3,2.0,3.0,1,-2.0,0.0,3,6.666666666666667,6.366666666666667,-0.2999999999999998,0.0,0.0,1,0,0,Declined
565,Vitaliy Mykolenko,Everton,Left Back,24,2023/24,75,Cold,2024-03-28,2024-04-01,Loss,Man United,-2.0,5.7,Loss,West Ham,-2.0,5.9,Draw,Brighton,0.0,5.9,Loss,Bournemouth,-1.0,,,,,,,Draw,Newcastle,0.0,6.4,Win,Burnley,1.0,6.6,Loss,Chelsea,-6.0,4.9,4,2024,3,Mar,22-25,Other,Minor (<=14d),Squad player,-1.3333333333333333,0.3333333333333333,3,-1.0,0.0,1,-1.6666666666666667,1.3333333333333333,3,5.833333333333333,5.966666666666666,0.13333333333333286,-0.33333333333333326,0.3333333333333333,0,0,1,Stable
566,Vitaliy Mykolenko,Everton,Left Back,24,2023/24,75,Ankle Injury,2024-04-25,2024-06-04,Win,Liverpool,2.0,6.0,Win,Nottm Forest,2.0,6.9,Loss,Chelsea,-6.0,4.9,Win,Brentford,1.0,Draw,Luton Town,0.0,Win,Sheffield,1.0,,,,,,,,,,,,,40,2024,4,Apr,22-25,Ankle,Moderate (15-45d),Squad player,-0.6666666666666666,2.0,3,0.6666666666666666,2.3333333333333335,3,,,0,5.933333333333334,,,-1.3333333333333333,-0.3333333333333335,2,1,0,
567,Nathan Patterson,Everton,Right Back,19,2022/23,69,Ankle Injury,2022-09-21,2022-10-26,Win,West Ham,1.0,7.0,Draw,Liverpool,0.0,6.2,Draw,Leeds,0.0,7.0,Win,Southampton,1.0,Loss,Man United,-1.0,Loss,Tottenham,-2.0,Draw,Fulham,0.0,,Loss,Leicester,-2.0,,Loss,Bournemouth,-3.0,5.6,35,2022,9,Sep,<=21,Ankle,Moderate (15-45d),Squad player,0.3333333333333333,1.6666666666666667,3,-0.6666666666666666,1.0,3,-1.6666666666666667,0.3333333333333333,3,6.733333333333333,5.6,-1.1333333333333337,1.0,0.6666666666666667,1,0,2,Declined
568,Nathan Patterson,Everton,Right Back,20,2023/24,72,Hamstring Injury,2024-04-15,2024-06-11,Loss,Chelsea,-6.0,,,,,,,,,,Win,Nottm Forest,2.0,Win,Liverpool,2.0,Win,Brentford,1.0,,,,,,,,,,,,,57,2024,4,Apr,<=21,Hamstring,Major (46-90d),Squad player,-6.0,0.0,1,1.6666666666666667,3.0,3,,,0,,,,-7.666666666666667,-3.0,3,0,0,
569,Donny Van De Beek,Everton,Central Midfielder,24,2021/22,80,Thigh Problems,2022-03-31,2022-05-16,Loss,Wolves,-1.0,6.3,Loss,Tottenham,-5.0,6.1,Loss,Man City,-1.0,5.6,Loss,West Ham,-1.0,Loss,Burnley,-1.0,Win,Man United,1.0,Loss,Arsenal,-4.0,,,,,,,,,,46,2022,3,Mar,22-25,Thigh / Muscle,Major (46-90d),Squad player,-2.3333333333333335,0.0,3,-0.3333333333333333,1.0,3,-4.0,0.0,1,6.0,,,-2.0,-1.0,1,0,2,
570,Andros Townsend,Everton,Right Winger,30,2021/22,77,Broken Foot,2021-12-14,2022-01-06,Loss,Crystal Palace,-2.0,6.7,Win,Arsenal,1.0,5.5,Loss,Liverpool,-3.0,5.3,Draw,Chelsea,0.0,Loss,Brighton,-1.0,,,,Loss,Aston Villa,-1.0,5.8,Loss,Newcastle,-2.0,5.9,Loss,Southampton,-2.0,6.0,23,2021,12,Dec,30-33,Foot,Moderate (15-45d),Squad player,-1.3333333333333333,1.0,3,-0.5,0.5,2,-1.6666666666666667,0.0,3,5.833333333333333,5.8999999999999995,0.06666666666666643,-0.8333333333333333,0.5,0,1,1,Stable
571,Amadou Onana,Everton,Defensive Midfielder,21,2022/23,75,Leg Injury,2023-04-14,2023-04-24,Loss,Man United,-2.0,5.9,Draw,Tottenham,0.0,7.0,Draw,Chelsea,0.0,6.4,Loss,Fulham,-2.0,Draw,Crystal Palace,0.0,,,,Loss,Newcastle,-3.0,6.7,Loss,Man City,-3.0,,Draw,Wolves,0.0,6.4,10,2023,4,Apr,<=21,Other,Minor (<=14d),Squad player,-0.6666666666666666,0.6666666666666666,3,-1.0,0.5,2,-2.0,0.3333333333333333,3,6.433333333333334,6.550000000000001,0.11666666666666714,0.33333333333333337,0.16666666666666663,0,1,1,Stable
572,Amadou Onana,Everton,Defensive Midfielder,22,2023/24,77,Calf Injury,2023-11-11,2023-12-08,Win,Crystal Palace,1.0,6.1,Win,West Ham,1.0,6.9,Loss,Liverpool,-2.0,6.2,Loss,Man United,-3.0,Win,Nottm Forest,1.0,Win,Newcastle,3.0,Win,Chelsea,2.0,,Win,Burnley,2.0,8.2,Loss,Tottenham,-1.0,6.1,27,2023,11,Nov,22-25,Calf / Achilles,Moderate (15-45d),Squad player,0.0,2.0,3,0.3333333333333333,2.0,3,1.0,2.0,3,6.3999999999999995,7.1499999999999995,0.75,-0.3333333333333333,0.0,2,0,1,Improved
573,James Garner,Everton,Defensive Midfielder,21,2022/23,72,Back Injury,2022-11-12,2023-02-09,Loss,Leicester,-2.0,6.0,Draw,Fulham,0.0,6.3,Loss,Newcastle,-1.0,6.2,Loss,Bournemouth,-3.0,Loss,Wolves,-1.0,Draw,Man City,0.0,,,,,,,,,,,,,89,2022,11,Nov,<=21,Back,Major (46-90d),Squad player,-1.0,0.3333333333333333,3,-1.3333333333333333,0.3333333333333333,3,,,0,6.166666666666667,,,0.33333333333333326,0.0,0,1,2,
574,Dwight Mcneil,Everton,Left Winger,23,2023/24,76,Ankle Injury,2023-07-29,2023-09-01,,,,,,,,,,,,,Loss,Fulham,-1.0,Loss,Aston Villa,-4.0,Loss,Wolves,-1.0,Draw,Sheffield,0.0,,Loss,Arsenal,-1.0,5.4,Win,Brentford,2.0,7.6,34,2023,7,Jul,22-25,Ankle,Moderate (15-45d),Squad player,,,0,-2.0,0.0,3,0.3333333333333333,1.3333333333333333,3,,6.5,,,,0,0,3,
575,Ashley Young,Everton,Left Back,38,2023/24,75,Muscle Injury,2023-12-11,2024-01-25,Win,Chelsea,2.0,6.1,Win,Newcastle,3.0,6.7,Win,Nottm Forest,1.0,6.8,Win,Burnley,2.0,Loss,Tottenham,-1.0,Loss,Man City,-2.0,Draw,Fulham,0.0,5.6,Draw,Tottenham,0.0,6.3,Loss,Man City,-2.0,5.2,45,2023,12,Dec,34+,Thigh / Muscle,Moderate (15-45d),Squad player,2.0,3.0,3,-0.3333333333333333,1.0,3,-0.6666666666666666,0.6666666666666666,3,6.533333333333334,5.699999999999999,-0.8333333333333348,2.3333333333333335,2.0,1,0,2,Declined
576,Jack Harrison,Everton,Right Winger,26,2023/24,76,Hip Injury,2023-07-01,2023-09-21,,,,,,,,,,,,,Loss,Aston Villa,-4.0,Loss,Wolves,-1.0,Draw,Sheffield,0.0,Loss,Luton Town,-1.0,,Win,Bournemouth,3.0,8.5,Loss,Liverpool,-2.0,5.4,82,2023,7,Jul,26-29,Groin / Hip,Major (46-90d),Squad player,,,0,-1.6666666666666667,0.3333333333333333,3,0.0,1.0,3,,6.95,,,,0,1,2,
577,Beto,Everton,Center Forward,25,2023/24,81,Knee Injury,2023-11-23,2023-11-28,Win,Crystal Palace,1.0,,Loss,Liverpool,-2.0,,Loss,Luton Town,-1.0,,Loss,Man United,-3.0,,,,,,,Win,Nottm Forest,1.0,5.7,Win,Chelsea,2.0,5.8,Loss,Tottenham,-1.0,,5,2023,11,Nov,22-25,Knee,Minor (<=14d),Star (top 25%),-0.6666666666666666,1.0,3,-3.0,0.0,1,0.6666666666666666,2.0,3,,5.75,,2.3333333333333335,1.0,0,0,1,

